Workbook
Name List_FS_IT감사RA: DB_cList!$J$118
Name List_FS_KICS: DB_cList!$J$116:$J$117
Name List_FS_계획단계: DB_cList!$J$4:$J$5
Name List_FS_내부통제: DB_cList!$J$76:$J$115
Name List_FS_대분류: DB_cList!$G$3:$G$13
Name List_FS_부채및자본: DB_cList!$J$36:$J$52
Name List_FS_분반기검토: DB_cList!$J$3
Name List_FS_수익비용: DB_cList!$J$53:$J$64
Name List_FS_연결: DB_cList!$J$72:$J$75
Name List_FS_자산: DB_cList!$J$9:$J$35
Name List_FS_재무제표수준위험: DB_cList!$J$6:$J$8
Name List_FS_종결단계: DB_cList!$J$65:$J$71
Name List_IT감사RA: DB_cList!$E$87
Name List_Members: Tbl_Members[이름]
Name List_계획단계: DB_cList!$E$4:$E$5
Name List_내부통제: DB_cList!$E$63:$E$86
Name List_대분류: DB_cList!$B$3:$B$12
Name List_부채및자본: DB_cList!$E$29:$E$42
Name List_분반기검토: DB_cList!$E$3
Name List_수익비용: DB_cList!$E$43:$E$53
Name List_업무개시연월: DB_cList!$L$3:$L$19
Name List_연결: DB_cList!$E$59:$E$62
Name List_자산: DB_cList!$E$9:$E$28
Name List_재무제표수준위험: DB_cList!$E$6:$E$8
Name List_종결단계: DB_cList!$E$54:$E$58
Name Range_Header_1to12: 'D_2606 budget template'!$K$21:$V$21
Name Range_Members: 'C_ET 구성원 정보'!$B$7:$I$30
Name Range_TblBudgetAll: 'D_2606 budget template'!$B$21:$X$114
Name Range_Template상단: 'D_2606 budget template'!$B$3:$C$19
Name Range_기본정보1: 'B_ET 기본정보'!$B$4:$D$15
Name Range_기본정보2: 'B_ET 기본정보'!$B$19:$E$24
Name Range_기본정보3: 'B_ET 기본정보'!$B$28:$D$33

Sheet A_작성 Instruction
A1: A 작성 Instruction

Sheet B_ET 기본정보
B2: 1. 당기 감사 Client 기본 정보
B4: 구분 | C4: 선택항목 | D4: 선택목록
B5: 1) 표준산업분류 | C5: ⑤ 도소매업 | D5: ① 제조업,② 서비스업,③ 건설업,④ 금융업,⑤ 도소매업,⑥ 기타
B6: 2) 자산규모 | C6: ⑤ 별도 1천억미만 ~ 500억이상 | D6: ① 별도 2조&연결 5조(자산매출평균) 이상,② 별도 2조이상,③ 별도 2조미만 ~ 5천억이상,④ 별도 5천억미만 ~ 1천억이상,⑤ 별도 1천억미만 ~ 500억이상,⑥ 별도 500억미만 ~ 200억이상,⑦ 별도 200억 미만
B7: 3) 상장/비상장 | C7: ⑥ 비상장 | D7: ① 유가증권상장,② 코스닥상장,③ 코넥스상장,④ 채권상장,⑤ 상장예정,⑥ 비상장
B8: 4) 사업보고서 제출 | C8: ② 사업보고서 제출미대상 | D8: ① 사업보고서 제출대상,② 사업보고서 제출미대상
B9: 5) GAAP | C9: ① IFRS | D9: ① IFRS,② 일반기준
B10: 6) 연결재무제표작성 | C10: ② 미작성 | D10: ① 작성,② 미작성
B11: 7) 연결자회사수 | C11: ① 없음 | D11: ① 없음,② 10개 이하,③ 11개~50개,④ 51개~100개,⑤ 100개 초과
B12: 8) 내부회계관리제도 | C12: ② 내부회계감사(별도) | D12: ① 내부회계감사(연결),② 내부회계감사(별도),③ 내부회계검토,④ 의무없음
B13: 9) 초도감사 | C13: ① 초도감사 | D13: ① 초도감사,② 계속감사
B14: 10) 업무개시일 | C14: 45748 | D14: 업무개시 연월을 기재 (25년 1월 ~ 26년 5월 중 선택)
B15: 11) 총계약시간 | C15: 500
B17: 2. 프로젝트 코드 기본정보
B19: 구분 | C19: 비고 | D19: 사번 | E19: 표감 activity mapping
B20: 1) Project code | C20: 15916-01-012
B21: 2) Project 명 | C21: (주)에뛰드/2025년 회계감사
B22: 3) 본부명 | C22: CM Audit 1
B23: 4) EL | C23: 최성우 | D23: 170661 | E23: 재무제표기말감사
B24: 5) PM | C24: 이창욱 | D24: 280570 | E24: 재무제표기말감사
B26: 3. 프로젝트 코드 QRP,RM, EL, PM 시간 정보
B28: 구분 | C28: 시간 | D28: 표감 activity mapping
B29: 1) QRP | C29: 0 | D29: QRP
B30: 2) RM/CRS/M&T 등 | C30: 0 | D30: QC-(RM, ACS, M&T 등)
B31: 3) FLDT-EL | C31: 20 | D31: 기타
B32: 4) FLDT-PM | C32: 55 | D32: 기타
B33: 5) RA-EL,PM | C33: 0 | D33: SPA_내부통제

Sheet C_ET 구성원 정보
B2: 1. 감사 ET 구성원 정보 입력
B3: 1) 동 sheet에 이름과 사번 입력 시 budget template에서 "이름"기준 입력을 지원합니다.
B4: 2) 동명이인인 경우, 이름을 상이하게 조정하여 기재부탁드립니다.(e.g. 김삼일32, 김삼일26)
B5: 3) FLDT/RA EL과 PM은 기재할 필요가 없습니다. | G5: Optional
G6: =SUM(Tbl_Members[사전 배부]) -> 335 | H6: =SUM(Tbl_Members[Template 반영현황]) -> 348
B7: 구분 | C7: 이름 | D7: 사번 | E7: 표감 activity mapping | F7: 비고 | G7: 사전 배부 | H7: Template 반영현황 | I7: 예산대비 반영차이
B8: FLDT 구성원 | C8: 서보경 | D8: 260666 | E8: 재무제표기말감사 | F8: ET 구성원 정보 입력 | G8: 1 | H8: =SUMIF(Tbl_Budget[사번],D8,Tbl_Budget[Budget 합계]) -> 1 | I8: =G8-H8 -> 0
B9: FLDT 구성원 | C9: 이채연 | D9: 310625 | E9: 재무제표기말감사 | F9: ET 구성원 정보 입력 | G9: 120 | H9: =SUMIF(Tbl_Budget[사번],D9,Tbl_Budget[Budget 합계]) -> 127 | I9: =G9-H9 -> -7
B10: FLDT 구성원 | C10: 최우금 | D10: 330590 | E10: 재무제표기말감사 | F10: ET 구성원 정보 입력 | G10: 105 | H10: =SUMIF(Tbl_Budget[사번],D10,Tbl_Budget[Budget 합계]) -> 108 | I10: =G10-H10 -> -3
B11: FLDT 구성원 | C11: 정다희 | D11: 340644 | E11: 재무제표기말감사 | F11: ET 구성원 정보 입력 | G11: 105 | H11: =SUMIF(Tbl_Budget[사번],D11,Tbl_Budget[Budget 합계]) -> 108 | I11: =G11-H11 -> -3
B12: FLDT 구성원 | C12: TBD_Associate_1 | D12: TBD_Associate_1 | E12: 재무제표기말감사 | F12: ET 구성원 정보 입력 | G12: 0 | H12: =SUMIF(Tbl_Budget[사번],D12,Tbl_Budget[Budget 합계]) -> 0 | I12: =G12-H12 -> 0
B13: FLDT 구성원 | F13: ET 구성원 정보 입력 | H13: =SUMIF(Tbl_Budget[사번],D13,Tbl_Budget[Budget 합계]) -> 0 | I13: =G13-H13 -> 0
B14: FLDT 구성원 | F14: ET 구성원 정보 입력 | H14: =SUMIF(Tbl_Budget[사번],D14,Tbl_Budget[Budget 합계]) -> 0 | I14: =G14-H14 -> 0
B15: FLDT 구성원 | F15: Defalut로 설정(인원이 특정되지 않는 경우 숫자 및 직급을 추가하여 인원 구분, 불필요시 행삭제) | H15: =SUMIF(Tbl_Budget[사번],D15,Tbl_Budget[Budget 합계]) -> 0 | I15: =G15-H15 -> 0
B16: FLDT 구성원 | F16: Defalut로 설정(인원이 특정되지 않는 경우 숫자 및 직급을 추가하여 인원 구분, 불필요시 행삭제) | H16: =SUMIF(Tbl_Budget[사번],D16,Tbl_Budget[Budget 합계]) -> 0 | I16: =G16-H16 -> 0
B17: FLDT 구성원 | F17: Defalut로 설정(인원이 특정되지 않는 경우 숫자 및 직급을 추가하여 인원 구분, 불필요시 행삭제) | H17: =SUMIF(Tbl_Budget[사번],D17,Tbl_Budget[Budget 합계]) -> 0 | I17: =G17-H17 -> 0
B18: FLDT 구성원 | C18: New comer1 | D18: New comer1 | E18: New Staff | F18: Defalut로 설정(인원이 특정되지 않는 경우 숫자를 추가하여 인원 구분, 불필요시 행삭제) | H18: =SUMIF(Tbl_Budget[사번],D18,Tbl_Budget[Budget 합계]) -> 0 | I18: =G18-H18 -> 0
B19: FLDT 구성원 | F19: Defalut로 설정(인원이 특정되지 않는 경우 숫자를 추가하여 인원 구분, 불필요시 행삭제) | H19: =SUMIF(Tbl_Budget[사번],D19,Tbl_Budget[Budget 합계]) -> 0 | I19: =G19-H19 -> 0
B20: FLDT 구성원 | F20: Defalut로 설정(인원이 특정되지 않는 경우 숫자를 추가하여 인원 구분, 불필요시 행삭제) | H20: =SUMIF(Tbl_Budget[사번],D20,Tbl_Budget[Budget 합계]) -> 0 | I20: =G20-H20 -> 0
B21: FLDT 구성원 | F21: Defalut로 설정(인원이 특정되지 않는 경우 숫자를 추가하여 인원 구분, 불필요시 행삭제) | H21: =SUMIF(Tbl_Budget[사번],D21,Tbl_Budget[Budget 합계]) -> 0 | I21: =G21-H21 -> 0
B22: FLDT 구성원 | F22: Defalut로 설정(인원이 특정되지 않는 경우 숫자를 추가하여 인원 구분, 불필요시 행삭제) | H22: =SUMIF(Tbl_Budget[사번],D22,Tbl_Budget[Budget 합계]) -> 0 | I22: =G22-H22 -> 0
B23: FLDT 구성원 | F23: Defalut로 설정(인원이 특정되지 않는 경우 숫자를 추가하여 인원 구분, 불필요시 행삭제) | H23: =SUMIF(Tbl_Budget[사번],D23,Tbl_Budget[Budget 합계]) -> 0 | I23: =G23-H23 -> 0
B24: FLDT 구성원 | F24: Defalut로 설정(인원이 특정되지 않는 경우 숫자를 추가하여 인원 구분, 불필요시 행삭제) | H24: =SUMIF(Tbl_Budget[사번],D24,Tbl_Budget[Budget 합계]) -> 0 | I24: =G24-H24 -> 0
B25: FLDT 구성원 | F25: Defalut로 설정(인원이 특정되지 않는 경우 숫자를 추가하여 인원 구분, 불필요시 행삭제) | H25: =SUMIF(Tbl_Budget[사번],D25,Tbl_Budget[Budget 합계]) -> 0 | I25: =G25-H25 -> 0
B26: FLDT 구성원 | F26: Defalut로 설정(인원이 특정되지 않는 경우 숫자를 추가하여 인원 구분, 불필요시 행삭제) | H26: =SUMIF(Tbl_Budget[사번],D26,Tbl_Budget[Budget 합계]) -> 0 | I26: =G26-H26 -> 0
B27: FLDT 구성원 | F27: Defalut로 설정(인원이 특정되지 않는 경우 숫자를 추가하여 인원 구분, 불필요시 행삭제) | H27: =SUMIF(Tbl_Budget[사번],D27,Tbl_Budget[Budget 합계]) -> 0 | I27: =G27-H27 -> 0
B28: 지원 ET 구성원 | C28: Fulcrum | D28: Fulcrum | E28: Fulcrum | F28: Defalut로 설정(인원구분 없이 단일 항목으로만 사용) | H28: =SUMIF(Tbl_Budget[사번],D28,Tbl_Budget[Budget 합계]) -> 0 | I28: =G28-H28 -> 0
B29: 지원 ET 구성원 | C29: RA | D29: RA | E29: SPA_내부통제 | F29: Defalut로 설정(인원구분 없이 단일 항목으로만 사용) | H29: =SUMIF(Tbl_Budget[사번],D29,Tbl_Budget[Budget 합계]) -> 0 | I29: =G29-H29 -> 0
B30: 지원 ET 구성원 | C30: Specialist | D30: Specialist | E30: 기타 | F30: Defalut로 설정(인원구분 없이 단일 항목으로만 사용) | G30: 4 | H30: =SUMIF(Tbl_Budget[사번],D30,Tbl_Budget[Budget 합계]) -> 4 | I30: =G30-H30 -> 0
B31: ↑D시트 Budget Table 내의 구성원 | G31: ='B_ET 기본정보'!C31+'B_ET 기본정보'!C32 -> 75
B32: ↓D시트 Budget Table 밖의 구성원 | G32: =G31+G6 -> 410
B33: 구분 | C33: 이름 | D33: 사번 | E33: 표감 activity mapping | F33: 비고
B34: 지원 ET 구성원 | C34: QRP | D34: QRP | E34: QRP | F34: Defalut로 설정(인원구분 없이 단일 항목으로만 사용)
B35: 지원 ET 구성원 | C35: RM/CRS/M&T 등 | D35: RM/CRS/M&T 등 | E35: QC-(RM, ACS, M&T 등) | F35: Defalut로 설정(인원구분 없이 단일 항목으로만 사용)
B36: 지원 ET 구성원 | C36: FLDT-EL | D36: FLDT-EL | E36: 재무제표기말감사 | F36: Defalut로 설정(인원구분 없이 단일 항목으로만 사용)
B37: 지원 ET 구성원 | C37: FLDT-PM | D37: FLDT-PM | E37: 재무제표기말감사 | F37: Defalut로 설정(인원구분 없이 단일 항목으로만 사용)
B38: 지원 ET 구성원 | C38: RA-EL,PM | D38: RA-EL,PM | E38: SPA_내부통제 | F38: Defalut로 설정(인원구분 없이 단일 항목으로만 사용)

Sheet D_2606 budget template
B2: [Budget 기초정보 및 검증]
B3: 1) 계약시간 | C3: ='B_ET 기본정보'!C15 -> 500 | E3: < B_ET 기본정보 정보 자동입력
B4: 2) AX/DX Transition | C4: 77 | E4: < ET의 감사환경을 고려하여 Digital tool을 포함한 AX/DX Transition 적용 목표치를 입력 | H4: =C4/C3 -> 0.154
B5: 3) QRP, RM 등 시간 | C5: ='B_ET 기본정보'!C29+'B_ET 기본정보'!C30 -> 0 | E5: < B_ET 기본정보 정보 자동입력
B6: 4) FLDT-EL 시간 | C6: ='B_ET 기본정보'!C31 -> 20 | E6: < B_ET 기본정보 정보 자동입력
B7: 5) FLDT-PM 시간 | C7: ='B_ET 기본정보'!C32 -> 55 | E7: < B_ET 기본정보 정보 자동입력
B8: 6) RA-EL/PM 시간 | C8: ='B_ET 기본정보'!C33 -> 0 | E8: < B_ET 기본정보 정보 자동입력
B9: 7) ET controllable budget | C9: =C3-SUM(C4:C8) -> 348 | E9: < AX/DX Transition, EL/PM 투입 시간 고려 자동 산출
B10: 8-1) Fulcrum 활용 시간 | C10: =SUMIFS(Tbl_Budget[Budget 합계],Tbl_Budget[사번],"Fulcrum",Tbl_Budget[해당],"True") -> 0 | E10: < ET controllalble budget에 포함되어 있으며, Budget 입력 시 자동입력
B11: 8-2) RA-Staff 활용 시간 | C11: =SUMIFS(Tbl_Budget[Budget 합계],Tbl_Budget[사번],"RA",Tbl_Budget[해당],"True") -> 0 | E11: < ET controllalble budget에 포함되어 있으며, Budget 입력 시 자동입력
B12: 8-3) Specialist 활용 시간 | C12: =SUMIFS(Tbl_Budget[Budget 합계],Tbl_Budget[사번],"Specialist",Tbl_Budget[해당],"True") -> 4 | E12: < ET controllalble budget에 포함되어 있으며, Budget 입력 시 자동입력
B13: 8-4) FLDT budget | C13: =SUM(C9,-C10,-C11,-C12) -> 344 | E13: < FLDT에 배부되는 시간으로서 자동 산출
B14: 8-5) 지방/해외 출장 시간 | C14: 0 | E14: < 지방/해외 출장 시 소요되는 시간을 기재
B15: ① 배부 검증 - 전체 시간 | C15: =(C9-C14)-J20 -> 0 | E15: < D열 Scope여부 체크항목의 관리단위별 Budget 합계와 일치 필요
B16: ② 배부 검증 - FLDT 시간 | C16: =C13-C14-J19 -> 0 | E16: < D열 Scope여부 체크항목 중 FLDT 관리단위별 Budget 합계와 일치 필요
B17: ③ 배부 검증 - 월별합계검증 | C17: =SUM(Tbl_Budget[합계검증]) -> 0 | E17: < D열 Scope여부 체크항목 중 Budget 합계와 K열~V열 합계 일치 필요
B18: 9) Budget 작성 주기 | C18: =IF(OR(('B_ET 기본정보'!C7="⑥ 비상장"),('B_ET 기본정보'!C7="⑤ 상장예정")),"분기별","월별") -> 분기별
B19: 10) Template 작성 완료여부 | C19: =IF(AND(C9>0,C15=0,C16=0,C17=0),"작성완료",IF(C9<=0,"작업전","진행중")) -> 작성완료 | I19: FLDT외 | J19: =SUMIF(Tbl_Budget[해당], TRUE, Tbl_Budget[Budget 합계]) - (SUMIFS(Tbl_Budget[Budget 합계], Tbl_Budget[해당], TRUE, Tbl_Budget[Assignment], "RA") + SUMIFS(Tbl_Budget[Budget 합계], Tbl_Budget[해당], TRUE, Tbl_Budget[Assignment], "Specialist") + SUMIFS(Tbl_Budget[Budget 합계], Tbl_Budget[해당], TRUE, Tbl_Budget[Assignment], "Fulcrum")) -> 344 | K19: =SUMIF(Tbl_Budget[해당], TRUE, Tbl_Budget[1]) - (SUMIFS(Tbl_Budget[1], Tbl_Budget[해당], TRUE, Tbl_Budget[Assignment], "RA") + SUMIFS(Tbl_Budget[1], Tbl_Budget[해당], TRUE, Tbl_Budget[Assignment], "Specialist") + SUMIFS(Tbl_Budget[1], Tbl_Budget[해당], TRUE, Tbl_Budget[Assignment], "Fulcrum")) -> 0 | L19: =SUMIF(Tbl_Budget[해당], TRUE, Tbl_Budget[2]) - (SUMIFS(Tbl_Budget[2], Tbl_Budget[해당], TRUE, Tbl_Budget[Assignment], "RA") + SUMIFS(Tbl_Budget[2], Tbl_Budget[해당], TRUE, Tbl_Budget[Assignment], "Specialist") + SUMIFS(Tbl_Budget[2], Tbl_Budget[해당], TRUE, Tbl_Budget[Assignment], "Fulcrum")) -> 0 | M19: =SUMIF(Tbl_Budget[해당], TRUE, Tbl_Budget[3]) - (SUMIFS(Tbl_Budget[3], Tbl_Budget[해당], TRUE, Tbl_Budget[Assignment], "RA") + SUMIFS(Tbl_Budget[3], Tbl_Budget[해당], TRUE, Tbl_Budget[Assignment], "Specialist") + SUMIFS(Tbl_Budget[3], Tbl_Budget[해당], TRUE, Tbl_Budget[Assignment], "Fulcrum")) -> 53 | N19: =SUMIF(Tbl_Budget[해당], TRUE, Tbl_Budget[4]) - (SUMIFS(Tbl_Budget[4], Tbl_Budget[해당], TRUE, Tbl_Budget[Assignment], "RA") + SUMIFS(Tbl_Budget[4], Tbl_Budget[해당], TRUE, Tbl_Budget[Assignment], "Specialist") + SUMIFS(Tbl_Budget[4], Tbl_Budget[해당], TRUE, Tbl_Budget[Assignment], "Fulcrum")) -> 0 | O19: =SUMIF(Tbl_Budget[해당], TRUE, Tbl_Budget[5]) - (SUMIFS(Tbl_Budget[5], Tbl_Budget[해당], TRUE, Tbl_Budget[Assignment], "RA") + SUMIFS(Tbl_Budget[5], Tbl_Budget[해당], TRUE, Tbl_Budget[Assignment], "Specialist") + SUMIFS(Tbl_Budget[5], Tbl_Budget[해당], TRUE, Tbl_Budget[Assignment], "Fulcrum")) -> 0 | P19: =SUMIF(Tbl_Budget[해당], TRUE, Tbl_Budget[6]) - (SUMIFS(Tbl_Budget[6], Tbl_Budget[해당], TRUE, Tbl_Budget[Assignment], "RA") + SUMIFS(Tbl_Budget[6], Tbl_Budget[해당], TRUE, Tbl_Budget[Assignment], "Specialist") + SUMIFS(Tbl_Budget[6], Tbl_Budget[해당], TRUE, Tbl_Budget[Assignment], "Fulcrum")) -> 34 | Q19: =SUMIF(Tbl_Budget[해당], TRUE, Tbl_Budget[7]) - (SUMIFS(Tbl_Budget[7], Tbl_Budget[해당], TRUE, Tbl_Budget[Assignment], "RA") + SUMIFS(Tbl_Budget[7], Tbl_Budget[해당], TRUE, Tbl_Budget[Assignment], "Specialist") + SUMIFS(Tbl_Budget[7], Tbl_Budget[해당], TRUE, Tbl_Budget[Assignment], "Fulcrum")) -> 0 | R19: =SUMIF(Tbl_Budget[해당], TRUE, Tbl_Budget[8]) - (SUMIFS(Tbl_Budget[8], Tbl_Budget[해당], TRUE, Tbl_Budget[Assignment], "RA") + SUMIFS(Tbl_Budget[8], Tbl_Budget[해당], TRUE, Tbl_Budget[Assignment], "Specialist") + SUMIFS(Tbl_Budget[8], Tbl_Budget[해당], TRUE, Tbl_Budget[Assignment], "Fulcrum")) -> 0 | S19: =SUMIF(Tbl_Budget[해당], TRUE, Tbl_Budget[9]) - (SUMIFS(Tbl_Budget[9], Tbl_Budget[해당], TRUE, Tbl_Budget[Assignment], "RA") + SUMIFS(Tbl_Budget[9], Tbl_Budget[해당], TRUE, Tbl_Budget[Assignment], "Specialist") + SUMIFS(Tbl_Budget[9], Tbl_Budget[해당], TRUE, Tbl_Budget[Assignment], "Fulcrum")) -> 96 | T19: =SUMIF(Tbl_Budget[해당], TRUE, Tbl_Budget[10]) - (SUMIFS(Tbl_Budget[10], Tbl_Budget[해당], TRUE, Tbl_Budget[Assignment], "RA") + SUMIFS(Tbl_Budget[10], Tbl_Budget[해당], TRUE, Tbl_Budget[Assignment], "Specialist") + SUMIFS(Tbl_Budget[10], Tbl_Budget[해당], TRUE, Tbl_Budget[Assignment], "Fulcrum")) -> 141 | U19: =SUMIF(Tbl_Budget[해당], TRUE, Tbl_Budget[11]) - (SUMIFS(Tbl_Budget[11], Tbl_Budget[해당], TRUE, Tbl_Budget[Assignment], "RA") + SUMIFS(Tbl_Budget[11], Tbl_Budget[해당], TRUE, Tbl_Budget[Assignment], "Specialist") + SUMIFS(Tbl_Budget[11], Tbl_Budget[해당], TRUE, Tbl_Budget[Assignment], "Fulcrum")) -> 20 | V19: =SUMIF(Tbl_Budget[해당], TRUE, Tbl_Budget[12]) - (SUMIFS(Tbl_Budget[12], Tbl_Budget[해당], TRUE, Tbl_Budget[Assignment], "RA") + SUMIFS(Tbl_Budget[12], Tbl_Budget[해당], TRUE, Tbl_Budget[Assignment], "Specialist") + SUMIFS(Tbl_Budget[12], Tbl_Budget[해당], TRUE, Tbl_Budget[Assignment], "Fulcrum")) -> 0 | X19: =SUM(T19:V19)/C13 -> 0.46802326 | Y19: FLDT 기말비율
E20: =SUM(Tbl_Budget[25/06 Debriefing실적]) -> 0 | F20: {=_xlfn.XLOOKUP('B_ET 기본정보'!C5&'B_ET 기본정보'!C6&'B_ET 기본정보'!C7&'B_ET 기본정보'!C10&'B_ET 기본정보'!C12,DB_tMap!B:B&DB_tMap!C:C&DB_tMap!D:D&DB_tMap!E:E&DB_tMap!F:F,DB_tMap!G:G,"B시트 정보를 채워주세요")} -> C2 | G20: E/F/G열은 작성에 도움을 주기 위한 단순참고용, 삭제가능(수식유지시 느림) | I20: FLDT | J20: =SUMIF(Tbl_Budget[해당],TRUE,Tbl_Budget[Budget 합계]) -> 348 | K20: =SUMIF(Tbl_Budget[해당],TRUE,Tbl_Budget[1]) -> 0 | L20: =SUMIF(Tbl_Budget[해당],TRUE,Tbl_Budget[2]) -> 0 | M20: =SUMIF(Tbl_Budget[해당],TRUE,Tbl_Budget[3]) -> 53 | N20: =SUMIF(Tbl_Budget[해당],TRUE,Tbl_Budget[4]) -> 0 | O20: =SUMIF(Tbl_Budget[해당],TRUE,Tbl_Budget[5]) -> 0 | P20: =SUMIF(Tbl_Budget[해당],TRUE,Tbl_Budget[6]) -> 34 | Q20: =SUMIF(Tbl_Budget[해당],TRUE,Tbl_Budget[7]) -> 0 | R20: =SUMIF(Tbl_Budget[해당],TRUE,Tbl_Budget[8]) -> 0 | S20: =SUMIF(Tbl_Budget[해당],TRUE,Tbl_Budget[9]) -> 96 | T20: =SUMIF(Tbl_Budget[해당],TRUE,Tbl_Budget[10]) -> 145 | U20: =SUMIF(Tbl_Budget[해당],TRUE,Tbl_Budget[11]) -> 20 | V20: =SUMIF(Tbl_Budget[해당],TRUE,Tbl_Budget[12]) -> 0 | X20: =SUM(T20:V20)/C9 -> 0.47413793 | Y20: ET 전체 기말비율
B21: 대분류 명 | C21: Budget 관리단위 | D21: 해당 | E21: 25/06 Debriefing 실적 | F21: 유사회사 평균 비율 | G21: 유사회사 평균비율 적용 시 산출 시간 | H21: Assignment | I21: 사번 | J21: Budget 합계 | K21: ='B_ET 기본정보'!C14 -> 45748 | L21: =EDATE(K21,1) -> 45778 | M21: =EDATE(L21,1) -> 45809 | N21: =EDATE(M21,1) -> 45839 | O21: =EDATE(N21,1) -> 45870 | P21: =EDATE(O21,1) -> 45901 | Q21: =EDATE(P21,1) -> 45931 | R21: =EDATE(Q21,1) -> 45962 | S21: =EDATE(R21,1) -> 45992 | ... V21: =EDATE(U21,1) -> 46082 | W21: 합계검증 | X21: 기말비율
B22: 대분류 명 | C22: Budget 관리단위 | D22: 해당 | E22: 25/06 Debriefing실적 | F22: 유사회사 평균 비율 | G22: 유사회사평균비율 적용 시 산출 시간 | H22: Assignment | I22: 사번 | J22: Budget 합계 | K22: 1 | L22: 2 | M22: 3 | N22: 4 | O22: 5 | P22: 6 | Q22: 7 | R22: 8 | S22: 9 | T22: 10 | U22: 11 | V22: 12 | W22: 합계검증 | X22: 기말비율
B23: 분반기 검토 | C23: 분반기 검토 | D23: FALSE | F23: {=IFERROR(INDEX(DB_tStat!$A$2:$DQ$111, _xlfn.XMATCH($F$20, DB_tStat!$A$2:$A$111, 0), _xlfn.XMATCH(Tbl_Budget[[#This Row],[Budget 관리단위]], DB_tStat!$A$1:$DQ$1, 0)),0)} -> 0.1226388 | G23: =Tbl_Budget[[#This Row],[유사회사 평균 비율]]*$C$9 -> 42.678301 | I23: =_xlfn.XLOOKUP(Tbl_Budget[[#This Row],[Assignment]],Tbl_Members[이름],Tbl_Members[사번],0) -> 0 | W23: =IF(Tbl_Budget[[#This Row],[해당]]=TRUE,Tbl_Budget[[#This Row],[Budget 합계]]-SUM(Tbl_Budget[[#This Row],[1]:[12]]),0) -> 0 | X23: =SUM(Tbl_Budget[[#This Row],[10]:[12]])/$C$13 -> 0
B24: 계획단계 | C24: 계획단계 | D24: TRUE | F24: {=IFERROR(INDEX(DB_tStat!$A$2:$DQ$111, _xlfn.XMATCH($F$20, DB_tStat!$A$2:$A$111, 0), _xlfn.XMATCH(Tbl_Budget[[#This Row],[Budget 관리단위]], DB_tStat!$A$1:$DQ$1, 0)),0)} -> 0.053405357 | G24: =Tbl_Budget[[#This Row],[유사회사 평균 비율]]*$C$9 -> 18.585064 | H24: 서보경 | I24: =_xlfn.XLOOKUP(Tbl_Budget[[#This Row],[Assignment]],Tbl_Members[이름],Tbl_Members[사번],0) -> 260666 | J24: 1 | M24: 1 | W24: =IF(Tbl_Budget[[#This Row],[해당]]=TRUE,Tbl_Budget[[#This Row],[Budget 합계]]-SUM(Tbl_Budget[[#This Row],[1]:[12]]),0) -> 0 | X24: =SUM(Tbl_Budget[[#This Row],[10]:[12]])/$C$13 -> 0
B25: 계획단계 | C25: 계획단계 | D25: TRUE | F25: {=IFERROR(INDEX(DB_tStat!$A$2:$DQ$111, _xlfn.XMATCH($F$20, DB_tStat!$A$2:$A$111, 0), _xlfn.XMATCH(Tbl_Budget[[#This Row],[Budget 관리단위]], DB_tStat!$A$1:$DQ$1, 0)),0)} -> 0.053405357 | G25: =Tbl_Budget[[#This Row],[유사회사 평균 비율]]*$C$9 -> 18.585064 | H25: 이채연 | I25: =_xlfn.XLOOKUP(Tbl_Budget[[#This Row],[Assignment]],Tbl_Members[이름],Tbl_Members[사번],0) -> 310625 | J25: 8 | M25: 8 | W25: =IF(Tbl_Budget[[#This Row],[해당]]=TRUE,Tbl_Budget[[#This Row],[Budget 합계]]-SUM(Tbl_Budget[[#This Row],[1]:[12]]),0) -> 0 | X25: =SUM(Tbl_Budget[[#This Row],[10]:[12]])/$C$13 -> 0
B26: 계획단계 | C26: 계획단계 | D26: TRUE | F26: {=IFERROR(INDEX(DB_tStat!$A$2:$DQ$111, _xlfn.XMATCH($F$20, DB_tStat!$A$2:$A$111, 0), _xlfn.XMATCH(Tbl_Budget[[#This Row],[Budget 관리단위]], DB_tStat!$A$1:$DQ$1, 0)),0)} -> 0.053405357 | G26: =Tbl_Budget[[#This Row],[유사회사 평균 비율]]*$C$9 -> 18.585064 | H26: 최우금 | I26: =_xlfn.XLOOKUP(Tbl_Budget[[#This Row],[Assignment]],Tbl_Members[이름],Tbl_Members[사번],0) -> 330590 | J26: 8 | M26: 8 | W26: =IF(Tbl_Budget[[#This Row],[해당]]=TRUE,Tbl_Budget[[#This Row],[Budget 합계]]-SUM(Tbl_Budget[[#This Row],[1]:[12]]),0) -> 0 | X26: =SUM(Tbl_Budget[[#This Row],[10]:[12]])/$C$13 -> 0
B27: 계획단계 | C27: 계획단계 | D27: TRUE | F27: {=IFERROR(INDEX(DB_tStat!$A$2:$DQ$111, _xlfn.XMATCH($F$20, DB_tStat!$A$2:$A$111, 0), _xlfn.XMATCH(Tbl_Budget[[#This Row],[Budget 관리단위]], DB_tStat!$A$1:$DQ$1, 0)),0)} -> 0.053405357 | G27: =Tbl_Budget[[#This Row],[유사회사 평균 비율]]*$C$9 -> 18.585064 | H27: 정다희 | I27: =_xlfn.XLOOKUP(Tbl_Budget[[#This Row],[Assignment]],Tbl_Members[이름],Tbl_Members[사번],0) -> 340644 | J27: 8 | M27: 8 | W27: =IF(Tbl_Budget[[#This Row],[해당]]=TRUE,Tbl_Budget[[#This Row],[Budget 합계]]-SUM(Tbl_Budget[[#This Row],[1]:[12]]),0) -> 0 | X27: =SUM(Tbl_Budget[[#This Row],[10]:[12]])/$C$13 -> 0
B28: 계획단계 | C28: 초도감사 | D28: TRUE | F28: {=IFERROR(INDEX(DB_tStat!$A$2:$DQ$111, _xlfn.XMATCH($F$20, DB_tStat!$A$2:$A$111, 0), _xlfn.XMATCH(Tbl_Budget[[#This Row],[Budget 관리단위]], DB_tStat!$A$1:$DQ$1, 0)),0)} -> 0.0073570318 | G28: =Tbl_Budget[[#This Row],[유사회사 평균 비율]]*$C$9 -> 2.5602471 | H28: 이채연 | I28: =_xlfn.XLOOKUP(Tbl_Budget[[#This Row],[Assignment]],Tbl_Members[이름],Tbl_Members[사번],0) -> 310625 | J28: 5 | M28: 5 | W28: =IF(Tbl_Budget[[#This Row],[해당]]=TRUE,Tbl_Budget[[#This Row],[Budget 합계]]-SUM(Tbl_Budget[[#This Row],[1]:[12]]),0) -> 0 | X28: =SUM(Tbl_Budget[[#This Row],[10]:[12]])/$C$13 -> 0
B29: 계획단계 | C29: 초도감사 | D29: TRUE | F29: {=IFERROR(INDEX(DB_tStat!$A$2:$DQ$111, _xlfn.XMATCH($F$20, DB_tStat!$A$2:$A$111, 0), _xlfn.XMATCH(Tbl_Budget[[#This Row],[Budget 관리단위]], DB_tStat!$A$1:$DQ$1, 0)),0)} -> 0.0073570318 | G29: =Tbl_Budget[[#This Row],[유사회사 평균 비율]]*$C$9 -> 2.5602471 | H29: 정다희 | I29: =_xlfn.XLOOKUP(Tbl_Budget[[#This Row],[Assignment]],Tbl_Members[이름],Tbl_Members[사번],0) -> 340644 | J29: 4 | M29: 4 | W29: =IF(Tbl_Budget[[#This Row],[해당]]=TRUE,Tbl_Budget[[#This Row],[Budget 합계]]-SUM(Tbl_Budget[[#This Row],[1]:[12]]),0) -> 0 | X29: =SUM(Tbl_Budget[[#This Row],[10]:[12]])/$C$13 -> 0
B30: 재무제표 수준 위험 | C30: 부정위험 | D30: TRUE | F30: {=IFERROR(INDEX(DB_tStat!$A$2:$DQ$111, _xlfn.XMATCH($F$20, DB_tStat!$A$2:$A$111, 0), _xlfn.XMATCH(Tbl_Budget[[#This Row],[Budget 관리단위]], DB_tStat!$A$1:$DQ$1, 0)),0)} -> 0.022274542 | G30: =Tbl_Budget[[#This Row],[유사회사 평균 비율]]*$C$9 -> 7.7515405 | H30: 이채연 | I30: =_xlfn.XLOOKUP(Tbl_Budget[[#This Row],[Assignment]],Tbl_Members[이름],Tbl_Members[사번],0) -> 310625 | J30: 8 | S30: 2 | T30: 6 | W30: =IF(Tbl_Budget[[#This Row],[해당]]=TRUE,Tbl_Budget[[#This Row],[Budget 합계]]-SUM(Tbl_Budget[[#This Row],[1]:[12]]),0) -> 0 | X30: =SUM(Tbl_Budget[[#This Row],[10]:[12]])/$C$13 -> 0.01744186
B31: 재무제표 수준 위험 | C31: 부정위험 | D31: TRUE | F31: {=IFERROR(INDEX(DB_tStat!$A$2:$DQ$111, _xlfn.XMATCH($F$20, DB_tStat!$A$2:$A$111, 0), _xlfn.XMATCH(Tbl_Budget[[#This Row],[Budget 관리단위]], DB_tStat!$A$1:$DQ$1, 0)),0)} -> 0.022274542 | G31: =Tbl_Budget[[#This Row],[유사회사 평균 비율]]*$C$9 -> 7.7515405 | H31: Specialist | I31: =_xlfn.XLOOKUP(Tbl_Budget[[#This Row],[Assignment]],Tbl_Members[이름],Tbl_Members[사번],0) -> Specialist | J31: 4 | T31: 4 | W31: =IF(Tbl_Budget[[#This Row],[해당]]=TRUE,Tbl_Budget[[#This Row],[Budget 합계]]-SUM(Tbl_Budget[[#This Row],[1]:[12]]),0) -> 0 | X31: =SUM(Tbl_Budget[[#This Row],[10]:[12]])/$C$13 -> 0.011627907
B32: 재무제표 수준 위험 | C32: 계속기업 | D32: FALSE | F32: {=IFERROR(INDEX(DB_tStat!$A$2:$DQ$111, _xlfn.XMATCH($F$20, DB_tStat!$A$2:$A$111, 0), _xlfn.XMATCH(Tbl_Budget[[#This Row],[Budget 관리단위]], DB_tStat!$A$1:$DQ$1, 0)),0)} -> 0.0043106812 | G32: =Tbl_Budget[[#This Row],[유사회사 평균 비율]]*$C$9 -> 1.500117 | I32: =_xlfn.XLOOKUP(Tbl_Budget[[#This Row],[Assignment]],Tbl_Members[이름],Tbl_Members[사번],0) -> 0 | W32: =IF(Tbl_Budget[[#This Row],[해당]]=TRUE,Tbl_Budget[[#This Row],[Budget 합계]]-SUM(Tbl_Budget[[#This Row],[1]:[12]]),0) -> 0 | X32: =SUM(Tbl_Budget[[#This Row],[10]:[12]])/$C$13 -> 0
B33: 재무제표 수준 위험 | C33: 기타(특수관계자/법률 및 규정) | D33: FALSE | F33: {=IFERROR(INDEX(DB_tStat!$A$2:$DQ$111, _xlfn.XMATCH($F$20, DB_tStat!$A$2:$A$111, 0), _xlfn.XMATCH(Tbl_Budget[[#This Row],[Budget 관리단위]], DB_tStat!$A$1:$DQ$1, 0)),0)} -> 0 | G33: =Tbl_Budget[[#This Row],[유사회사 평균 비율]]*$C$9 -> 0 | I33: =_xlfn.XLOOKUP(Tbl_Budget[[#This Row],[Assignment]],Tbl_Members[이름],Tbl_Members[사번],0) -> 0 | W33: =IF(Tbl_Budget[[#This Row],[해당]]=TRUE,Tbl_Budget[[#This Row],[Budget 합계]]-SUM(Tbl_Budget[[#This Row],[1]:[12]]),0) -> 0 | X33: =SUM(Tbl_Budget[[#This Row],[10]:[12]])/$C$13 -> 0
B34: 자산 | C34: 현금및현금성자산-일반 | D34: TRUE | F34: {=IFERROR(INDEX(DB_tStat!$A$2:$DQ$111, _xlfn.XMATCH($F$20, DB_tStat!$A$2:$A$111, 0), _xlfn.XMATCH(Tbl_Budget[[#This Row],[Budget 관리단위]], DB_tStat!$A$1:$DQ$1, 0)),0)} -> 0.013624565 | G34: =Tbl_Budget[[#This Row],[유사회사 평균 비율]]*$C$9 -> 4.7413485 | H34: 정다희 | I34: =_xlfn.XLOOKUP(Tbl_Budget[[#This Row],[Assignment]],Tbl_Members[이름],Tbl_Members[사번],0) -> 340644 | J34: 8 | M34: 2 | T34: 6 | W34: =IF(Tbl_Budget[[#This Row],[해당]]=TRUE,Tbl_Budget[[#This Row],[Budget 합계]]-SUM(Tbl_Budget[[#This Row],[1]:[12]]),0) -> 0 | X34: =SUM(Tbl_Budget[[#This Row],[10]:[12]])/$C$13 -> 0.01744186
B35: 자산 | C35: 현금및현금성자산-조회 | D35: TRUE | F35: {=IFERROR(INDEX(DB_tStat!$A$2:$DQ$111, _xlfn.XMATCH($F$20, DB_tStat!$A$2:$A$111, 0), _xlfn.XMATCH(Tbl_Budget[[#This Row],[Budget 관리단위]], DB_tStat!$A$1:$DQ$1, 0)),0)} -> 0.024644451 | G35: =Tbl_Budget[[#This Row],[유사회사 평균 비율]]*$C$9 -> 8.5762691 | H35: 정다희 | I35: =_xlfn.XLOOKUP(Tbl_Budget[[#This Row],[Assignment]],Tbl_Members[이름],Tbl_Members[사번],0) -> 340644 | J35: 16 | S35: 1 | T35: 15 | W35: =IF(Tbl_Budget[[#This Row],[해당]]=TRUE,Tbl_Budget[[#This Row],[Budget 합계]]-SUM(Tbl_Budget[[#This Row],[1]:[12]]),0) -> 0 | X35: =SUM(Tbl_Budget[[#This Row],[10]:[12]])/$C$13 -> 0.043604651
B36: 자산 | C36: 채무 및 지분증권-일반 | D36: FALSE | F36: {=IFERROR(INDEX(DB_tStat!$A$2:$DQ$111, _xlfn.XMATCH($F$20, DB_tStat!$A$2:$A$111, 0), _xlfn.XMATCH(Tbl_Budget[[#This Row],[Budget 관리단위]], DB_tStat!$A$1:$DQ$1, 0)),0)} -> 0.0060371235 | G36: =Tbl_Budget[[#This Row],[유사회사 평균 비율]]*$C$9 -> 2.100919 | I36: =_xlfn.XLOOKUP(Tbl_Budget[[#This Row],[Assignment]],Tbl_Members[이름],Tbl_Members[사번],0) -> 0 | W36: =IF(Tbl_Budget[[#This Row],[해당]]=TRUE,Tbl_Budget[[#This Row],[Budget 합계]]-SUM(Tbl_Budget[[#This Row],[1]:[12]]),0) -> 0 | X36: =SUM(Tbl_Budget[[#This Row],[10]:[12]])/$C$13 -> 0
B37: 자산 | C37: 채무 및 지분증권-공정가치평가 | D37: FALSE | F37: {=IFERROR(INDEX(DB_tStat!$A$2:$DQ$111, _xlfn.XMATCH($F$20, DB_tStat!$A$2:$A$111, 0), _xlfn.XMATCH(Tbl_Budget[[#This Row],[Budget 관리단위]], DB_tStat!$A$1:$DQ$1, 0)),0)} -> 0.007981138 | G37: =Tbl_Budget[[#This Row],[유사회사 평균 비율]]*$C$9 -> 2.777436 | I37: =_xlfn.XLOOKUP(Tbl_Budget[[#This Row],[Assignment]],Tbl_Members[이름],Tbl_Members[사번],0) -> 0 | W37: =IF(Tbl_Budget[[#This Row],[해당]]=TRUE,Tbl_Budget[[#This Row],[Budget 합계]]-SUM(Tbl_Budget[[#This Row],[1]:[12]]),0) -> 0 | X37: =SUM(Tbl_Budget[[#This Row],[10]:[12]])/$C$13 -> 0
B38: 자산 | C38: 파생상품 | D38: FALSE | F38: {=IFERROR(INDEX(DB_tStat!$A$2:$DQ$111, _xlfn.XMATCH($F$20, DB_tStat!$A$2:$A$111, 0), _xlfn.XMATCH(Tbl_Budget[[#This Row],[Budget 관리단위]], DB_tStat!$A$1:$DQ$1, 0)),0)} -> 0.0088320469 | G38: =Tbl_Budget[[#This Row],[유사회사 평균 비율]]*$C$9 -> 3.0735523 | I38: =_xlfn.XLOOKUP(Tbl_Budget[[#This Row],[Assignment]],Tbl_Members[이름],Tbl_Members[사번],0) -> 0 | W38: =IF(Tbl_Budget[[#This Row],[해당]]=TRUE,Tbl_Budget[[#This Row],[Budget 합계]]-SUM(Tbl_Budget[[#This Row],[1]:[12]]),0) -> 0 | X38: =SUM(Tbl_Budget[[#This Row],[10]:[12]])/$C$13 -> 0
B39: 자산 | C39: 매출채권-일반 | D39: TRUE | F39: {=IFERROR(INDEX(DB_tStat!$A$2:$DQ$111, _xlfn.XMATCH($F$20, DB_tStat!$A$2:$A$111, 0), _xlfn.XMATCH(Tbl_Budget[[#This Row],[Budget 관리단위]], DB_tStat!$A$1:$DQ$1, 0)),0)} -> 0.014714847 | G39: =Tbl_Budget[[#This Row],[유사회사 평균 비율]]*$C$9 -> 5.1207666 | H39: 이채연 | I39: =_xlfn.XLOOKUP(Tbl_Budget[[#This Row],[Assignment]],Tbl_Members[이름],Tbl_Members[사번],0) -> 310625 | J39: 10 | M39: 2 | S39: 2 | T39: 6 | W39: =IF(Tbl_Budget[[#This Row],[해당]]=TRUE,Tbl_Budget[[#This Row],[Budget 합계]]-SUM(Tbl_Budget[[#This Row],[1]:[12]]),0) -> 0 | X39: =SUM(Tbl_Budget[[#This Row],[10]:[12]])/$C$13 -> 0.01744186
B40: 자산 | C40: 매출채권-조회 | D40: TRUE | F40: {=IFERROR(INDEX(DB_tStat!$A$2:$DQ$111, _xlfn.XMATCH($F$20, DB_tStat!$A$2:$A$111, 0), _xlfn.XMATCH(Tbl_Budget[[#This Row],[Budget 관리단위]], DB_tStat!$A$1:$DQ$1, 0)),0)} -> 0.012485595 | G40: =Tbl_Budget[[#This Row],[유사회사 평균 비율]]*$C$9 -> 4.344987 | H40: 이채연 | I40: =_xlfn.XLOOKUP(Tbl_Budget[[#This Row],[Assignment]],Tbl_Members[이름],Tbl_Members[사번],0) -> 310625 | J40: 12 | S40: 3 | T40: 9 | W40: =IF(Tbl_Budget[[#This Row],[해당]]=TRUE,Tbl_Budget[[#This Row],[Budget 합계]]-SUM(Tbl_Budget[[#This Row],[1]:[12]]),0) -> 0 | X40: =SUM(Tbl_Budget[[#This Row],[10]:[12]])/$C$13 -> 0.026162791
B41: 자산 | C41: 고객 반품, 할인 및 충당금 | D41: TRUE | F41: {=IFERROR(INDEX(DB_tStat!$A$2:$DQ$111, _xlfn.XMATCH($F$20, DB_tStat!$A$2:$A$111, 0), _xlfn.XMATCH(Tbl_Budget[[#This Row],[Budget 관리단위]], DB_tStat!$A$1:$DQ$1, 0)),0)} -> 0.0045228391 | G41: =Tbl_Budget[[#This Row],[유사회사 평균 비율]]*$C$9 -> 1.573948 | H41: 이채연 | I41: =_xlfn.XLOOKUP(Tbl_Budget[[#This Row],[Assignment]],Tbl_Members[이름],Tbl_Members[사번],0) -> 310625 | J41: 12 | M41: 2 | S41: 4 | T41: 6 | W41: =IF(Tbl_Budget[[#This Row],[해당]]=TRUE,Tbl_Budget[[#This Row],[Budget 합계]]-SUM(Tbl_Budget[[#This Row],[1]:[12]]),0) -> 0 | X41: =SUM(Tbl_Budget[[#This Row],[10]:[12]])/$C$13 -> 0.01744186
B42: 자산 | C42: 재고자산-일반 | D42: TRUE | F42: {=IFERROR(INDEX(DB_tStat!$A$2:$DQ$111, _xlfn.XMATCH($F$20, DB_tStat!$A$2:$A$111, 0), _xlfn.XMATCH(Tbl_Budget[[#This Row],[Budget 관리단위]], DB_tStat!$A$1:$DQ$1, 0)),0)} -> 0.023434897 | G42: =Tbl_Budget[[#This Row],[유사회사 평균 비율]]*$C$9 -> 8.155344 | H42: 최우금 | I42: =_xlfn.XLOOKUP(Tbl_Budget[[#This Row],[Assignment]],Tbl_Members[이름],Tbl_Members[사번],0) -> 330590 | J42: 28 | S42: 14 | T42: 14 | W42: =IF(Tbl_Budget[[#This Row],[해당]]=TRUE,Tbl_Budget[[#This Row],[Budget 합계]]-SUM(Tbl_Budget[[#This Row],[1]:[12]]),0) -> 0 | X42: =SUM(Tbl_Budget[[#This Row],[10]:[12]])/$C$13 -> 0.040697674
B43: 자산 | C43: 재고자산-실사입회및문서화 | D43: TRUE | F43: {=IFERROR(INDEX(DB_tStat!$A$2:$DQ$111, _xlfn.XMATCH($F$20, DB_tStat!$A$2:$A$111, 0), _xlfn.XMATCH(Tbl_Budget[[#This Row],[Budget 관리단위]], DB_tStat!$A$1:$DQ$1, 0)),0)} -> 0.021570291 | G43: =Tbl_Budget[[#This Row],[유사회사 평균 비율]]*$C$9 -> 7.5064612 | H43: 최우금 | I43: =_xlfn.XLOOKUP(Tbl_Budget[[#This Row],[Assignment]],Tbl_Members[이름],Tbl_Members[사번],0) -> 330590 | J43: 8 | S43: 8 | W43: =IF(Tbl_Budget[[#This Row],[해당]]=TRUE,Tbl_Budget[[#This Row],[Budget 합계]]-SUM(Tbl_Budget[[#This Row],[1]:[12]]),0) -> 0 | X43: =SUM(Tbl_Budget[[#This Row],[10]:[12]])/$C$13 -> 0
B44: 자산 | C44: 재고자산-실사입회및문서화 | D44: TRUE | F44: {=IFERROR(INDEX(DB_tStat!$A$2:$DQ$111, _xlfn.XMATCH($F$20, DB_tStat!$A$2:$A$111, 0), _xlfn.XMATCH(Tbl_Budget[[#This Row],[Budget 관리단위]], DB_tStat!$A$1:$DQ$1, 0)),0)} -> 0.021570291 | G44: =Tbl_Budget[[#This Row],[유사회사 평균 비율]]*$C$9 -> 7.5064612 | H44: 정다희 | I44: =_xlfn.XLOOKUP(Tbl_Budget[[#This Row],[Assignment]],Tbl_Members[이름],Tbl_Members[사번],0) -> 340644 | J44: 8 | S44: 8 | W44: =IF(Tbl_Budget[[#This Row],[해당]]=TRUE,Tbl_Budget[[#This Row],[Budget 합계]]-SUM(Tbl_Budget[[#This Row],[1]:[12]]),0) -> 0 | X44: =SUM(Tbl_Budget[[#This Row],[10]:[12]])/$C$13 -> 0
B45: 자산 | C45: 건설계약 | D45: FALSE | F45: {=IFERROR(INDEX(DB_tStat!$A$2:$DQ$111, _xlfn.XMATCH($F$20, DB_tStat!$A$2:$A$111, 0), _xlfn.XMATCH(Tbl_Budget[[#This Row],[Budget 관리단위]], DB_tStat!$A$1:$DQ$1, 0)),0)} -> 0.0033694765 | G45: =Tbl_Budget[[#This Row],[유사회사 평균 비율]]*$C$9 -> 1.1725778 | I45: =_xlfn.XLOOKUP(Tbl_Budget[[#This Row],[Assignment]],Tbl_Members[이름],Tbl_Members[사번],0) -> 0 | W45: =IF(Tbl_Budget[[#This Row],[해당]]=TRUE,Tbl_Budget[[#This Row],[Budget 합계]]-SUM(Tbl_Budget[[#This Row],[1]:[12]]),0) -> 0 | X45: =SUM(Tbl_Budget[[#This Row],[10]:[12]])/$C$13 -> 0
B46: 자산 | C46: 기타자산 | D46: TRUE | F46: {=IFERROR(INDEX(DB_tStat!$A$2:$DQ$111, _xlfn.XMATCH($F$20, DB_tStat!$A$2:$A$111, 0), _xlfn.XMATCH(Tbl_Budget[[#This Row],[Budget 관리단위]], DB_tStat!$A$1:$DQ$1, 0)),0)} -> 0.010764841 | G46: =Tbl_Budget[[#This Row],[유사회사 평균 비율]]*$C$9 -> 3.7461645 | H46: 정다희 | I46: =_xlfn.XLOOKUP(Tbl_Budget[[#This Row],[Assignment]],Tbl_Members[이름],Tbl_Members[사번],0) -> 340644 | J46: 2 | T46: 2 | W46: =IF(Tbl_Budget[[#This Row],[해당]]=TRUE,Tbl_Budget[[#This Row],[Budget 합계]]-SUM(Tbl_Budget[[#This Row],[1]:[12]]),0) -> 0 | X46: =SUM(Tbl_Budget[[#This Row],[10]:[12]])/$C$13 -> 0.0058139535
B47: 자산 | C47: 유/무형자산/투자부동산-일반 | D47: TRUE | F47: {=IFERROR(INDEX(DB_tStat!$A$2:$DQ$111, _xlfn.XMATCH($F$20, DB_tStat!$A$2:$A$111, 0), _xlfn.XMATCH(Tbl_Budget[[#This Row],[Budget 관리단위]], DB_tStat!$A$1:$DQ$1, 0)),0)} -> 0.019719259 | G47: =Tbl_Budget[[#This Row],[유사회사 평균 비율]]*$C$9 -> 6.862302 | H47: 정다희 | I47: =_xlfn.XLOOKUP(Tbl_Budget[[#This Row],[Assignment]],Tbl_Members[이름],Tbl_Members[사번],0) -> 340644 | J47: 6 | T47: 6 | W47: =IF(Tbl_Budget[[#This Row],[해당]]=TRUE,Tbl_Budget[[#This Row],[Budget 합계]]-SUM(Tbl_Budget[[#This Row],[1]:[12]]),0) -> 0 | X47: =SUM(Tbl_Budget[[#This Row],[10]:[12]])/$C$13 -> 0.01744186
B48: 자산 | C48: 유/무형자산/투자부동산-취득처분 | D48: TRUE | F48: {=IFERROR(INDEX(DB_tStat!$A$2:$DQ$111, _xlfn.XMATCH($F$20, DB_tStat!$A$2:$A$111, 0), _xlfn.XMATCH(Tbl_Budget[[#This Row],[Budget 관리단위]], DB_tStat!$A$1:$DQ$1, 0)),0)} -> 0.0086850417 | G48: =Tbl_Budget[[#This Row],[유사회사 평균 비율]]*$C$9 -> 3.0223945 | H48: 정다희 | I48: =_xlfn.XLOOKUP(Tbl_Budget[[#This Row],[Assignment]],Tbl_Members[이름],Tbl_Members[사번],0) -> 340644 | J48: 6 | M48: 2 | P48: 2 | S48: 2 | W48: =IF(Tbl_Budget[[#This Row],[해당]]=TRUE,Tbl_Budget[[#This Row],[Budget 합계]]-SUM(Tbl_Budget[[#This Row],[1]:[12]]),0) -> 0 | X48: =SUM(Tbl_Budget[[#This Row],[10]:[12]])/$C$13 -> 0
B49: 자산 | C49: 종속기업 등에 대한 투자자산-일반 | D49: FALSE | F49: {=IFERROR(INDEX(DB_tStat!$A$2:$DQ$111, _xlfn.XMATCH($F$20, DB_tStat!$A$2:$A$111, 0), _xlfn.XMATCH(Tbl_Budget[[#This Row],[Budget 관리단위]], DB_tStat!$A$1:$DQ$1, 0)),0)} -> 0.0082589152 | G49: =Tbl_Budget[[#This Row],[유사회사 평균 비율]]*$C$9 -> 2.8741025 | I49: =_xlfn.XLOOKUP(Tbl_Budget[[#This Row],[Assignment]],Tbl_Members[이름],Tbl_Members[사번],0) -> 0 | W49: =IF(Tbl_Budget[[#This Row],[해당]]=TRUE,Tbl_Budget[[#This Row],[Budget 합계]]-SUM(Tbl_Budget[[#This Row],[1]:[12]]),0) -> 0 | X49: =SUM(Tbl_Budget[[#This Row],[10]:[12]])/$C$13 -> 0
B50: 자산 | C50: 종속기업 등에 대한 투자자산-손상검토 | D50: FALSE | F50: {=IFERROR(INDEX(DB_tStat!$A$2:$DQ$111, _xlfn.XMATCH($F$20, DB_tStat!$A$2:$A$111, 0), _xlfn.XMATCH(Tbl_Budget[[#This Row],[Budget 관리단위]], DB_tStat!$A$1:$DQ$1, 0)),0)} -> 0.010837807 | G50: =Tbl_Budget[[#This Row],[유사회사 평균 비율]]*$C$9 -> 3.7715569 | I50: =_xlfn.XLOOKUP(Tbl_Budget[[#This Row],[Assignment]],Tbl_Members[이름],Tbl_Members[사번],0) -> 0 | W50: =IF(Tbl_Budget[[#This Row],[해당]]=TRUE,Tbl_Budget[[#This Row],[Budget 합계]]-SUM(Tbl_Budget[[#This Row],[1]:[12]]),0) -> 0 | X50: =SUM(Tbl_Budget[[#This Row],[10]:[12]])/$C$13 -> 0
B51: 자산 | C51: 영업권-일반 | D51: FALSE | F51: {=IFERROR(INDEX(DB_tStat!$A$2:$DQ$111, _xlfn.XMATCH($F$20, DB_tStat!$A$2:$A$111, 0), _xlfn.XMATCH(Tbl_Budget[[#This Row],[Budget 관리단위]], DB_tStat!$A$1:$DQ$1, 0)),0)} -> 0.001232929 | G51: =Tbl_Budget[[#This Row],[유사회사 평균 비율]]*$C$9 -> 0.42905929 | I51: =_xlfn.XLOOKUP(Tbl_Budget[[#This Row],[Assignment]],Tbl_Members[이름],Tbl_Members[사번],0) -> 0 | W51: =IF(Tbl_Budget[[#This Row],[해당]]=TRUE,Tbl_Budget[[#This Row],[Budget 합계]]-SUM(Tbl_Budget[[#This Row],[1]:[12]]),0) -> 0 | X51: =SUM(Tbl_Budget[[#This Row],[10]:[12]])/$C$13 -> 0
B52: 자산 | C52: 영업권-PPA | D52: FALSE | F52: {=IFERROR(INDEX(DB_tStat!$A$2:$DQ$111, _xlfn.XMATCH($F$20, DB_tStat!$A$2:$A$111, 0), _xlfn.XMATCH(Tbl_Budget[[#This Row],[Budget 관리단위]], DB_tStat!$A$1:$DQ$1, 0)),0)} -> 0.0025520107 | G52: =Tbl_Budget[[#This Row],[유사회사 평균 비율]]*$C$9 -> 0.88809971 | I52: =_xlfn.XLOOKUP(Tbl_Budget[[#This Row],[Assignment]],Tbl_Members[이름],Tbl_Members[사번],0) -> 0 | W52: =IF(Tbl_Budget[[#This Row],[해당]]=TRUE,Tbl_Budget[[#This Row],[Budget 합계]]-SUM(Tbl_Budget[[#This Row],[1]:[12]]),0) -> 0 | X52: =SUM(Tbl_Budget[[#This Row],[10]:[12]])/$C$13 -> 0
B53: 자산 | C53: 영업권-손상검토 | D53: FALSE | F53: {=IFERROR(INDEX(DB_tStat!$A$2:$DQ$111, _xlfn.XMATCH($F$20, DB_tStat!$A$2:$A$111, 0), _xlfn.XMATCH(Tbl_Budget[[#This Row],[Budget 관리단위]], DB_tStat!$A$1:$DQ$1, 0)),0)} -> 0.0082015556 | G53: =Tbl_Budget[[#This Row],[유사회사 평균 비율]]*$C$9 -> 2.8541414 | I53: =_xlfn.XLOOKUP(Tbl_Budget[[#This Row],[Assignment]],Tbl_Members[이름],Tbl_Members[사번],0) -> 0 | W53: =IF(Tbl_Budget[[#This Row],[해당]]=TRUE,Tbl_Budget[[#This Row],[Budget 합계]]-SUM(Tbl_Budget[[#This Row],[1]:[12]]),0) -> 0 | X53: =SUM(Tbl_Budget[[#This Row],[10]:[12]])/$C$13 -> 0
B54: 자산 | C54: 자산 - 기타 | D54: FALSE | F54: {=IFERROR(INDEX(DB_tStat!$A$2:$DQ$111, _xlfn.XMATCH($F$20, DB_tStat!$A$2:$A$111, 0), _xlfn.XMATCH(Tbl_Budget[[#This Row],[Budget 관리단위]], DB_tStat!$A$1:$DQ$1, 0)),0)} -> 0.0068097193 | G54: =Tbl_Budget[[#This Row],[유사회사 평균 비율]]*$C$9 -> 2.3697823 | I54: =_xlfn.XLOOKUP(Tbl_Budget[[#This Row],[Assignment]],Tbl_Members[이름],Tbl_Members[사번],0) -> 0 | W54: =IF(Tbl_Budget[[#This Row],[해당]]=TRUE,Tbl_Budget[[#This Row],[Budget 합계]]-SUM(Tbl_Budget[[#This Row],[1]:[12]]),0) -> 0 | X54: =SUM(Tbl_Budget[[#This Row],[10]:[12]])/$C$13 -> 0
B55: 부채 및 자본 | C55: 매입채무-일반 | D55: TRUE | F55: {=IFERROR(INDEX(DB_tStat!$A$2:$DQ$111, _xlfn.XMATCH($F$20, DB_tStat!$A$2:$A$111, 0), _xlfn.XMATCH(Tbl_Budget[[#This Row],[Budget 관리단위]], DB_tStat!$A$1:$DQ$1, 0)),0)} -> 0.010559792 | G55: =Tbl_Budget[[#This Row],[유사회사 평균 비율]]*$C$9 -> 3.6748076 | H55: 최우금 | I55: =_xlfn.XLOOKUP(Tbl_Budget[[#This Row],[Assignment]],Tbl_Members[이름],Tbl_Members[사번],0) -> 330590 | J55: 8 | S55: 2 | T55: 6 | W55: =IF(Tbl_Budget[[#This Row],[해당]]=TRUE,Tbl_Budget[[#This Row],[Budget 합계]]-SUM(Tbl_Budget[[#This Row],[1]:[12]]),0) -> 0 | X55: =SUM(Tbl_Budget[[#This Row],[10]:[12]])/$C$13 -> 0.01744186
B56: 부채 및 자본 | C56: 매입채무-조회 | D56: TRUE | F56: {=IFERROR(INDEX(DB_tStat!$A$2:$DQ$111, _xlfn.XMATCH($F$20, DB_tStat!$A$2:$A$111, 0), _xlfn.XMATCH(Tbl_Budget[[#This Row],[Budget 관리단위]], DB_tStat!$A$1:$DQ$1, 0)),0)} -> 0.0064733974 | G56: =Tbl_Budget[[#This Row],[유사회사 평균 비율]]*$C$9 -> 2.2527423 | H56: 최우금 | I56: =_xlfn.XLOOKUP(Tbl_Budget[[#This Row],[Assignment]],Tbl_Members[이름],Tbl_Members[사번],0) -> 330590 | J56: 10 | S56: 2 | T56: 8 | W56: =IF(Tbl_Budget[[#This Row],[해당]]=TRUE,Tbl_Budget[[#This Row],[Budget 합계]]-SUM(Tbl_Budget[[#This Row],[1]:[12]]),0) -> 0 | X56: =SUM(Tbl_Budget[[#This Row],[10]:[12]])/$C$13 -> 0.023255814
B57: 부채 및 자본 | C57: 특수관계자/내부거래 | D57: TRUE | F57: {=IFERROR(INDEX(DB_tStat!$A$2:$DQ$111, _xlfn.XMATCH($F$20, DB_tStat!$A$2:$A$111, 0), _xlfn.XMATCH(Tbl_Budget[[#This Row],[Budget 관리단위]], DB_tStat!$A$1:$DQ$1, 0)),0)} -> 0.017128413 | G57: =Tbl_Budget[[#This Row],[유사회사 평균 비율]]*$C$9 -> 5.9606876 | H57: 최우금 | I57: =_xlfn.XLOOKUP(Tbl_Budget[[#This Row],[Assignment]],Tbl_Members[이름],Tbl_Members[사번],0) -> 330590 | J57: 10 | P57: 1 | S57: 1 | T57: 8 | W57: =IF(Tbl_Budget[[#This Row],[해당]]=TRUE,Tbl_Budget[[#This Row],[Budget 합계]]-SUM(Tbl_Budget[[#This Row],[1]:[12]]),0) -> 0 | X57: =SUM(Tbl_Budget[[#This Row],[10]:[12]])/$C$13 -> 0.023255814
B58: 부채 및 자본 | C58: 기타부채 및 충당부채-일반 | D58: TRUE | F58: {=IFERROR(INDEX(DB_tStat!$A$2:$DQ$111, _xlfn.XMATCH($F$20, DB_tStat!$A$2:$A$111, 0), _xlfn.XMATCH(Tbl_Budget[[#This Row],[Budget 관리단위]], DB_tStat!$A$1:$DQ$1, 0)),0)} -> 0.011383654 | G58: =Tbl_Budget[[#This Row],[유사회사 평균 비율]]*$C$9 -> 3.9615115 | H58: 이채연 | I58: =_xlfn.XLOOKUP(Tbl_Budget[[#This Row],[Assignment]],Tbl_Members[이름],Tbl_Members[사번],0) -> 310625 | J58: 4 | T58: 4 | W58: =IF(Tbl_Budget[[#This Row],[해당]]=TRUE,Tbl_Budget[[#This Row],[Budget 합계]]-SUM(Tbl_Budget[[#This Row],[1]:[12]]),0) -> 0 | X58: =SUM(Tbl_Budget[[#This Row],[10]:[12]])/$C$13 -> 0.011627907
B59: 부채 및 자본 | C59: 기타부채 및 충당부채-부외부채/우발부채검토 | D59: TRUE | F59: {=IFERROR(INDEX(DB_tStat!$A$2:$DQ$111, _xlfn.XMATCH($F$20, DB_tStat!$A$2:$A$111, 0), _xlfn.XMATCH(Tbl_Budget[[#This Row],[Budget 관리단위]], DB_tStat!$A$1:$DQ$1, 0)),0)} -> 0.01212918 | G59: =Tbl_Budget[[#This Row],[유사회사 평균 비율]]*$C$9 -> 4.2209546 | H59: 정다희 | I59: =_xlfn.XLOOKUP(Tbl_Budget[[#This Row],[Assignment]],Tbl_Members[이름],Tbl_Members[사번],0) -> 340644 | J59: 10 | T59: 10 | W59: =IF(Tbl_Budget[[#This Row],[해당]]=TRUE,Tbl_Budget[[#This Row],[Budget 합계]]-SUM(Tbl_Budget[[#This Row],[1]:[12]]),0) -> 0 | X59: =SUM(Tbl_Budget[[#This Row],[10]:[12]])/$C$13 -> 0.029069767
B60: 부채 및 자본 | C60: 법인세 | D60: FALSE | F60: {=IFERROR(INDEX(DB_tStat!$A$2:$DQ$111, _xlfn.XMATCH($F$20, DB_tStat!$A$2:$A$111, 0), _xlfn.XMATCH(Tbl_Budget[[#This Row],[Budget 관리단위]], DB_tStat!$A$1:$DQ$1, 0)),0)} -> 0.031356698 | G60: =Tbl_Budget[[#This Row],[유사회사 평균 비율]]*$C$9 -> 10.912131 | I60: =_xlfn.XLOOKUP(Tbl_Budget[[#This Row],[Assignment]],Tbl_Members[이름],Tbl_Members[사번],0) -> 0 | W60: =IF(Tbl_Budget[[#This Row],[해당]]=TRUE,Tbl_Budget[[#This Row],[Budget 합계]]-SUM(Tbl_Budget[[#This Row],[1]:[12]]),0) -> 0 | X60: =SUM(Tbl_Budget[[#This Row],[10]:[12]])/$C$13 -> 0
B61: 부채 및 자본 | C61: 차입금/복합금융상품-일반 | D61: FALSE | F61: {=IFERROR(INDEX(DB_tStat!$A$2:$DQ$111, _xlfn.XMATCH($F$20, DB_tStat!$A$2:$A$111, 0), _xlfn.XMATCH(Tbl_Budget[[#This Row],[Budget 관리단위]], DB_tStat!$A$1:$DQ$1, 0)),0)} -> 0.0069656123 | G61: =Tbl_Budget[[#This Row],[유사회사 평균 비율]]*$C$9 -> 2.4240331 | I61: =_xlfn.XLOOKUP(Tbl_Budget[[#This Row],[Assignment]],Tbl_Members[이름],Tbl_Members[사번],0) -> 0 | W61: =IF(Tbl_Budget[[#This Row],[해당]]=TRUE,Tbl_Budget[[#This Row],[Budget 합계]]-SUM(Tbl_Budget[[#This Row],[1]:[12]]),0) -> 0 | X61: =SUM(Tbl_Budget[[#This Row],[10]:[12]])/$C$13 -> 0
B62: 부채 및 자본 | C62: 차입금/복합금융상품-공정가치평가 | D62: FALSE | F62: {=IFERROR(INDEX(DB_tStat!$A$2:$DQ$111, _xlfn.XMATCH($F$20, DB_tStat!$A$2:$A$111, 0), _xlfn.XMATCH(Tbl_Budget[[#This Row],[Budget 관리단위]], DB_tStat!$A$1:$DQ$1, 0)),0)} -> 0 | G62: =Tbl_Budget[[#This Row],[유사회사 평균 비율]]*$C$9 -> 0 | I62: =_xlfn.XLOOKUP(Tbl_Budget[[#This Row],[Assignment]],Tbl_Members[이름],Tbl_Members[사번],0) -> 0 | W62: =IF(Tbl_Budget[[#This Row],[해당]]=TRUE,Tbl_Budget[[#This Row],[Budget 합계]]-SUM(Tbl_Budget[[#This Row],[1]:[12]]),0) -> 0 | X62: =SUM(Tbl_Budget[[#This Row],[10]:[12]])/$C$13 -> 0
B63: 부채 및 자본 | C63: 차입금/복합금융상품-약정사항 검토 | D63: FALSE | F63: {=IFERROR(INDEX(DB_tStat!$A$2:$DQ$111, _xlfn.XMATCH($F$20, DB_tStat!$A$2:$A$111, 0), _xlfn.XMATCH(Tbl_Budget[[#This Row],[Budget 관리단위]], DB_tStat!$A$1:$DQ$1, 0)),0)} -> 0.0063020566 | G63: =Tbl_Budget[[#This Row],[유사회사 평균 비율]]*$C$9 -> 2.1931157 | I63: =_xlfn.XLOOKUP(Tbl_Budget[[#This Row],[Assignment]],Tbl_Members[이름],Tbl_Members[사번],0) -> 0 | W63: =IF(Tbl_Budget[[#This Row],[해당]]=TRUE,Tbl_Budget[[#This Row],[Budget 합계]]-SUM(Tbl_Budget[[#This Row],[1]:[12]]),0) -> 0 | X63: =SUM(Tbl_Budget[[#This Row],[10]:[12]])/$C$13 -> 0
B64: 부채 및 자본 | C64: 이연수익 | D64: TRUE | F64: {=IFERROR(INDEX(DB_tStat!$A$2:$DQ$111, _xlfn.XMATCH($F$20, DB_tStat!$A$2:$A$111, 0), _xlfn.XMATCH(Tbl_Budget[[#This Row],[Budget 관리단위]], DB_tStat!$A$1:$DQ$1, 0)),0)} -> 0.003901453 | G64: =Tbl_Budget[[#This Row],[유사회사 평균 비율]]*$C$9 -> 1.3577056 | H64: 이채연 | I64: =_xlfn.XLOOKUP(Tbl_Budget[[#This Row],[Assignment]],Tbl_Members[이름],Tbl_Members[사번],0) -> 310625 | J64: 16 | S64: 8 | T64: 8 | W64: =IF(Tbl_Budget[[#This Row],[해당]]=TRUE,Tbl_Budget[[#This Row],[Budget 합계]]-SUM(Tbl_Budget[[#This Row],[1]:[12]]),0) -> 0 | X64: =SUM(Tbl_Budget[[#This Row],[10]:[12]])/$C$13 -> 0.023255814
B65: 부채 및 자본 | C65: 리스 | D65: TRUE | F65: {=IFERROR(INDEX(DB_tStat!$A$2:$DQ$111, _xlfn.XMATCH($F$20, DB_tStat!$A$2:$A$111, 0), _xlfn.XMATCH(Tbl_Budget[[#This Row],[Budget 관리단위]], DB_tStat!$A$1:$DQ$1, 0)),0)} -> 0.019082533 | G65: =Tbl_Budget[[#This Row],[유사회사 평균 비율]]*$C$9 -> 6.6407215 | H65: 정다희 | I65: =_xlfn.XLOOKUP(Tbl_Budget[[#This Row],[Assignment]],Tbl_Members[이름],Tbl_Members[사번],0) -> 340644 | J65: 12 | M65: 3 | P65: 3 | S65: 3 | T65: 3 | W65: =IF(Tbl_Budget[[#This Row],[해당]]=TRUE,Tbl_Budget[[#This Row],[Budget 합계]]-SUM(Tbl_Budget[[#This Row],[1]:[12]]),0) -> 0 | X65: =SUM(Tbl_Budget[[#This Row],[10]:[12]])/$C$13 -> 0.0087209302
B66: 부채 및 자본 | C66: 퇴직급여/장기종업원급여 | D66: TRUE | F66: {=IFERROR(INDEX(DB_tStat!$A$2:$DQ$111, _xlfn.XMATCH($F$20, DB_tStat!$A$2:$A$111, 0), _xlfn.XMATCH(Tbl_Budget[[#This Row],[Budget 관리단위]], DB_tStat!$A$1:$DQ$1, 0)),0)} -> 0.017623204 | G66: =Tbl_Budget[[#This Row],[유사회사 평균 비율]]*$C$9 -> 6.1328749 | H66: 정다희 | I66: =_xlfn.XLOOKUP(Tbl_Budget[[#This Row],[Assignment]],Tbl_Members[이름],Tbl_Members[사번],0) -> 340644 | J66: 16 | S66: 6 | T66: 10 | W66: =IF(Tbl_Budget[[#This Row],[해당]]=TRUE,Tbl_Budget[[#This Row],[Budget 합계]]-SUM(Tbl_Budget[[#This Row],[1]:[12]]),0) -> 0 | X66: =SUM(Tbl_Budget[[#This Row],[10]:[12]])/$C$13 -> 0.029069767
B67: 부채 및 자본 | C67: 부채 - 기타 | D67: FALSE | F67: {=IFERROR(INDEX(DB_tStat!$A$2:$DQ$111, _xlfn.XMATCH($F$20, DB_tStat!$A$2:$A$111, 0), _xlfn.XMATCH(Tbl_Budget[[#This Row],[Budget 관리단위]], DB_tStat!$A$1:$DQ$1, 0)),0)} -> 0.0055274831 | G67: =Tbl_Budget[[#This Row],[유사회사 평균 비율]]*$C$9 -> 1.9235641 | I67: =_xlfn.XLOOKUP(Tbl_Budget[[#This Row],[Assignment]],Tbl_Members[이름],Tbl_Members[사번],0) -> 0 | T67: 4 | W67: =IF(Tbl_Budget[[#This Row],[해당]]=TRUE,Tbl_Budget[[#This Row],[Budget 합계]]-SUM(Tbl_Budget[[#This Row],[1]:[12]]),0) -> 0 | X67: =SUM(Tbl_Budget[[#This Row],[10]:[12]])/$C$13 -> 0.011627907
B68: 부채 및 자본 | C68: 자본금 및 기타 자본 계정 | D68: FALSE | F68: {=IFERROR(INDEX(DB_tStat!$A$2:$DQ$111, _xlfn.XMATCH($F$20, DB_tStat!$A$2:$A$111, 0), _xlfn.XMATCH(Tbl_Budget[[#This Row],[Budget 관리단위]], DB_tStat!$A$1:$DQ$1, 0)),0)} -> 0.0079814335 | G68: =Tbl_Budget[[#This Row],[유사회사 평균 비율]]*$C$9 -> 2.7775389 | I68: =_xlfn.XLOOKUP(Tbl_Budget[[#This Row],[Assignment]],Tbl_Members[이름],Tbl_Members[사번],0) -> 0 | W68: =IF(Tbl_Budget[[#This Row],[해당]]=TRUE,Tbl_Budget[[#This Row],[Budget 합계]]-SUM(Tbl_Budget[[#This Row],[1]:[12]]),0) -> 0 | X68: =SUM(Tbl_Budget[[#This Row],[10]:[12]])/$C$13 -> 0
B69: 수익/비용 | C69: 매출(IIFRS15/K-GAAP)-일반 | D69: TRUE | F69: {=IFERROR(INDEX(DB_tStat!$A$2:$DQ$111, _xlfn.XMATCH($F$20, DB_tStat!$A$2:$A$111, 0), _xlfn.XMATCH(Tbl_Budget[[#This Row],[Budget 관리단위]], DB_tStat!$A$1:$DQ$1, 0)),0)} -> 0.028671519 | G69: =Tbl_Budget[[#This Row],[유사회사 평균 비율]]*$C$9 -> 9.9776885 | H69: 이채연 | I69: =_xlfn.XLOOKUP(Tbl_Budget[[#This Row],[Assignment]],Tbl_Members[이름],Tbl_Members[사번],0) -> 310625 | J69: 12 | P69: 4 | S69: 4 | U69: 4 | W69: =IF(Tbl_Budget[[#This Row],[해당]]=TRUE,Tbl_Budget[[#This Row],[Budget 합계]]-SUM(Tbl_Budget[[#This Row],[1]:[12]]),0) -> 0 | X69: =SUM(Tbl_Budget[[#This Row],[10]:[12]])/$C$13 -> 0.011627907
B70: 수익/비용 | C70: 매출(IIFRS15/K-GAAP)-발생사실테스트 | D70: TRUE | F70: {=IFERROR(INDEX(DB_tStat!$A$2:$DQ$111, _xlfn.XMATCH($F$20, DB_tStat!$A$2:$A$111, 0), _xlfn.XMATCH(Tbl_Budget[[#This Row],[Budget 관리단위]], DB_tStat!$A$1:$DQ$1, 0)),0)} -> 0.031192315 | G70: =Tbl_Budget[[#This Row],[유사회사 평균 비율]]*$C$9 -> 10.854925 | H70: 이채연 | I70: =_xlfn.XLOOKUP(Tbl_Budget[[#This Row],[Assignment]],Tbl_Members[이름],Tbl_Members[사번],0) -> 310625 | J70: 24 | M70: 8 | P70: 8 | S70: 8 | W70: =IF(Tbl_Budget[[#This Row],[해당]]=TRUE,Tbl_Budget[[#This Row],[Budget 합계]]-SUM(Tbl_Budget[[#This Row],[1]:[12]]),0) -> 0 | X70: =SUM(Tbl_Budget[[#This Row],[10]:[12]])/$C$13 -> 0
B71: 수익/비용 | C71: 매출(IIFRS15/K-GAAP)-Cut-off테스트 | D71: TRUE | F71: {=IFERROR(INDEX(DB_tStat!$A$2:$DQ$111, _xlfn.XMATCH($F$20, DB_tStat!$A$2:$A$111, 0), _xlfn.XMATCH(Tbl_Budget[[#This Row],[Budget 관리단위]], DB_tStat!$A$1:$DQ$1, 0)),0)} -> 0.010982566 | G71: =Tbl_Budget[[#This Row],[유사회사 평균 비율]]*$C$9 -> 3.8219331 | H71: 이채연 | I71: =_xlfn.XLOOKUP(Tbl_Budget[[#This Row],[Assignment]],Tbl_Members[이름],Tbl_Members[사번],0) -> 310625 | J71: 4 | U71: 4 | W71: =IF(Tbl_Budget[[#This Row],[해당]]=TRUE,Tbl_Budget[[#This Row],[Budget 합계]]-SUM(Tbl_Budget[[#This Row],[1]:[12]]),0) -> 0 | X71: =SUM(Tbl_Budget[[#This Row],[10]:[12]])/$C$13 -> 0.011627907
B72: 수익/비용 | C72: 기타 영업수익 | D72: FALSE | F72: {=IFERROR(INDEX(DB_tStat!$A$2:$DQ$111, _xlfn.XMATCH($F$20, DB_tStat!$A$2:$A$111, 0), _xlfn.XMATCH(Tbl_Budget[[#This Row],[Budget 관리단위]], DB_tStat!$A$1:$DQ$1, 0)),0)} -> 0.0026738307 | G72: =Tbl_Budget[[#This Row],[유사회사 평균 비율]]*$C$9 -> 0.93049308 | I72: =_xlfn.XLOOKUP(Tbl_Budget[[#This Row],[Assignment]],Tbl_Members[이름],Tbl_Members[사번],0) -> 0 | W72: =IF(Tbl_Budget[[#This Row],[해당]]=TRUE,Tbl_Budget[[#This Row],[Budget 합계]]-SUM(Tbl_Budget[[#This Row],[1]:[12]]),0) -> 0 | X72: =SUM(Tbl_Budget[[#This Row],[10]:[12]])/$C$13 -> 0
B73: 수익/비용 | C73: 매출원가-일반 | D73: TRUE | F73: {=IFERROR(INDEX(DB_tStat!$A$2:$DQ$111, _xlfn.XMATCH($F$20, DB_tStat!$A$2:$A$111, 0), _xlfn.XMATCH(Tbl_Budget[[#This Row],[Budget 관리단위]], DB_tStat!$A$1:$DQ$1, 0)),0)} -> 0.01285233 | G73: =Tbl_Budget[[#This Row],[유사회사 평균 비율]]*$C$9 -> 4.4726108 | H73: 최우금 | I73: =_xlfn.XLOOKUP(Tbl_Budget[[#This Row],[Assignment]],Tbl_Members[이름],Tbl_Members[사번],0) -> 330590 | J73: 8 | P73: 2 | T73: 6 | W73: =IF(Tbl_Budget[[#This Row],[해당]]=TRUE,Tbl_Budget[[#This Row],[Budget 합계]]-SUM(Tbl_Budget[[#This Row],[1]:[12]]),0) -> 0 | X73: =SUM(Tbl_Budget[[#This Row],[10]:[12]])/$C$13 -> 0.01744186
B74: 수익/비용 | C74: 매출원가-증빙테스트 | D74: TRUE | F74: {=IFERROR(INDEX(DB_tStat!$A$2:$DQ$111, _xlfn.XMATCH($F$20, DB_tStat!$A$2:$A$111, 0), _xlfn.XMATCH(Tbl_Budget[[#This Row],[Budget 관리단위]], DB_tStat!$A$1:$DQ$1, 0)),0)} -> 0.013665761 | G74: =Tbl_Budget[[#This Row],[유사회사 평균 비율]]*$C$9 -> 4.7556847 | H74: 최우금 | I74: =_xlfn.XLOOKUP(Tbl_Budget[[#This Row],[Assignment]],Tbl_Members[이름],Tbl_Members[사번],0) -> 330590 | J74: 12 | P74: 4 | S74: 8 | W74: =IF(Tbl_Budget[[#This Row],[해당]]=TRUE,Tbl_Budget[[#This Row],[Budget 합계]]-SUM(Tbl_Budget[[#This Row],[1]:[12]]),0) -> 0 | X74: =SUM(Tbl_Budget[[#This Row],[10]:[12]])/$C$13 -> 0
B75: 수익/비용 | C75: 영업비용 | D75: TRUE | F75: {=IFERROR(INDEX(DB_tStat!$A$2:$DQ$111, _xlfn.XMATCH($F$20, DB_tStat!$A$2:$A$111, 0), _xlfn.XMATCH(Tbl_Budget[[#This Row],[Budget 관리단위]], DB_tStat!$A$1:$DQ$1, 0)),0)} -> 0.012742111 | G75: =Tbl_Budget[[#This Row],[유사회사 평균 비율]]*$C$9 -> 4.4342548 | H75: 최우금 | I75: =_xlfn.XLOOKUP(Tbl_Budget[[#This Row],[Assignment]],Tbl_Members[이름],Tbl_Members[사번],0) -> 330590 | J75: 8 | P75: 4 | S75: 4 | W75: =IF(Tbl_Budget[[#This Row],[해당]]=TRUE,Tbl_Budget[[#This Row],[Budget 합계]]-SUM(Tbl_Budget[[#This Row],[1]:[12]]),0) -> 0 | X75: =SUM(Tbl_Budget[[#This Row],[10]:[12]])/$C$13 -> 0
B76: 수익/비용 | C76: 인건비 | D76: TRUE | F76: {=IFERROR(INDEX(DB_tStat!$A$2:$DQ$111, _xlfn.XMATCH($F$20, DB_tStat!$A$2:$A$111, 0), _xlfn.XMATCH(Tbl_Budget[[#This Row],[Budget 관리단위]], DB_tStat!$A$1:$DQ$1, 0)),0)} -> 0.02165113 | G76: =Tbl_Budget[[#This Row],[유사회사 평균 비율]]*$C$9 -> 7.5345932 | H76: 정다희 | I76: =_xlfn.XLOOKUP(Tbl_Budget[[#This Row],[Assignment]],Tbl_Members[이름],Tbl_Members[사번],0) -> 340644 | J76: 8 | P76: 4 | S76: 4 | W76: =IF(Tbl_Budget[[#This Row],[해당]]=TRUE,Tbl_Budget[[#This Row],[Budget 합계]]-SUM(Tbl_Budget[[#This Row],[1]:[12]]),0) -> 0 | X76: =SUM(Tbl_Budget[[#This Row],[10]:[12]])/$C$13 -> 0
B77: 수익/비용 | C77: 영업외손익 | D77: TRUE | F77: {=IFERROR(INDEX(DB_tStat!$A$2:$DQ$111, _xlfn.XMATCH($F$20, DB_tStat!$A$2:$A$111, 0), _xlfn.XMATCH(Tbl_Budget[[#This Row],[Budget 관리단위]], DB_tStat!$A$1:$DQ$1, 0)),0)} -> 0.0091381499 | G77: =Tbl_Budget[[#This Row],[유사회사 평균 비율]]*$C$9 -> 3.1800762 | H77: 정다희 | I77: =_xlfn.XLOOKUP(Tbl_Budget[[#This Row],[Assignment]],Tbl_Members[이름],Tbl_Members[사번],0) -> 340644 | J77: 4 | P77: 2 | S77: 2 | W77: =IF(Tbl_Budget[[#This Row],[해당]]=TRUE,Tbl_Budget[[#This Row],[Budget 합계]]-SUM(Tbl_Budget[[#This Row],[1]:[12]]),0) -> 0 | X77: =SUM(Tbl_Budget[[#This Row],[10]:[12]])/$C$13 -> 0
B78: 수익/비용 | C78: 주식기준보상비용-일반 | D78: FALSE | F78: {=IFERROR(INDEX(DB_tStat!$A$2:$DQ$111, _xlfn.XMATCH($F$20, DB_tStat!$A$2:$A$111, 0), _xlfn.XMATCH(Tbl_Budget[[#This Row],[Budget 관리단위]], DB_tStat!$A$1:$DQ$1, 0)),0)} -> 0.0037636025 | G78: =Tbl_Budget[[#This Row],[유사회사 평균 비율]]*$C$9 -> 1.3097337 | I78: =_xlfn.XLOOKUP(Tbl_Budget[[#This Row],[Assignment]],Tbl_Members[이름],Tbl_Members[사번],0) -> 0 | W78: =IF(Tbl_Budget[[#This Row],[해당]]=TRUE,Tbl_Budget[[#This Row],[Budget 합계]]-SUM(Tbl_Budget[[#This Row],[1]:[12]]),0) -> 0 | X78: =SUM(Tbl_Budget[[#This Row],[10]:[12]])/$C$13 -> 0
B79: 수익/비용 | C79: 비용 - 기타 | D79: FALSE | F79: {=IFERROR(INDEX(DB_tStat!$A$2:$DQ$111, _xlfn.XMATCH($F$20, DB_tStat!$A$2:$A$111, 0), _xlfn.XMATCH(Tbl_Budget[[#This Row],[Budget 관리단위]], DB_tStat!$A$1:$DQ$1, 0)),0)} -> 0.0026166408 | G79: =Tbl_Budget[[#This Row],[유사회사 평균 비율]]*$C$9 -> 0.910591 | I79: =_xlfn.XLOOKUP(Tbl_Budget[[#This Row],[Assignment]],Tbl_Members[이름],Tbl_Members[사번],0) -> 0 | W79: =IF(Tbl_Budget[[#This Row],[해당]]=TRUE,Tbl_Budget[[#This Row],[Budget 합계]]-SUM(Tbl_Budget[[#This Row],[1]:[12]]),0) -> 0 | X79: =SUM(Tbl_Budget[[#This Row],[10]:[12]])/$C$13 -> 0
B80: 종결단계 | C80: 종결단계 | D80: TRUE | F80: {=IFERROR(INDEX(DB_tStat!$A$2:$DQ$111, _xlfn.XMATCH($F$20, DB_tStat!$A$2:$A$111, 0), _xlfn.XMATCH(Tbl_Budget[[#This Row],[Budget 관리단위]], DB_tStat!$A$1:$DQ$1, 0)),0)} -> 0.0253689 | G80: =Tbl_Budget[[#This Row],[유사회사 평균 비율]]*$C$9 -> 8.8283773 | H80: 이채연 | I80: =_xlfn.XLOOKUP(Tbl_Budget[[#This Row],[Assignment]],Tbl_Members[이름],Tbl_Members[사번],0) -> 310625 | J80: 6 | U80: 6 | W80: =IF(Tbl_Budget[[#This Row],[해당]]=TRUE,Tbl_Budget[[#This Row],[Budget 합계]]-SUM(Tbl_Budget[[#This Row],[1]:[12]]),0) -> 0 | X80: =SUM(Tbl_Budget[[#This Row],[10]:[12]])/$C$13 -> 0.01744186
B81: 종결단계 | C81: 주석검토-별도 | D81: TRUE | F81: {=IFERROR(INDEX(DB_tStat!$A$2:$DQ$111, _xlfn.XMATCH($F$20, DB_tStat!$A$2:$A$111, 0), _xlfn.XMATCH(Tbl_Budget[[#This Row],[Budget 관리단위]], DB_tStat!$A$1:$DQ$1, 0)),0)} -> 0.045582311 | G81: =Tbl_Budget[[#This Row],[유사회사 평균 비율]]*$C$9 -> 15.862644 | H81: 이채연 | I81: =_xlfn.XLOOKUP(Tbl_Budget[[#This Row],[Assignment]],Tbl_Members[이름],Tbl_Members[사번],0) -> 310625 | J81: 6 | U81: 6 | W81: =IF(Tbl_Budget[[#This Row],[해당]]=TRUE,Tbl_Budget[[#This Row],[Budget 합계]]-SUM(Tbl_Budget[[#This Row],[1]:[12]]),0) -> 0 | X81: =SUM(Tbl_Budget[[#This Row],[10]:[12]])/$C$13 -> 0.01744186
B82: 종결단계 | C82: 주석검토-연결 | D82: ='B_ET 기본정보'!$C$10="① 작성" -> FALSE | F82: {=IFERROR(INDEX(DB_tStat!$A$2:$DQ$111, _xlfn.XMATCH($F$20, DB_tStat!$A$2:$A$111, 0), _xlfn.XMATCH(Tbl_Budget[[#This Row],[Budget 관리단위]], DB_tStat!$A$1:$DQ$1, 0)),0)} -> 0.017000201 | G82: =Tbl_Budget[[#This Row],[유사회사 평균 비율]]*$C$9 -> 5.9160699 | I82: =_xlfn.XLOOKUP(Tbl_Budget[[#This Row],[Assignment]],Tbl_Members[이름],Tbl_Members[사번],0) -> 0 | W82: =IF(Tbl_Budget[[#This Row],[해당]]=TRUE,Tbl_Budget[[#This Row],[Budget 합계]]-SUM(Tbl_Budget[[#This Row],[1]:[12]]),0) -> 0 | X82: =SUM(Tbl_Budget[[#This Row],[10]:[12]])/$C$13 -> 0
B83: 종결단계 | C83: 기말감사 - 별도CF | D83: TRUE | F83: {=IFERROR(INDEX(DB_tStat!$A$2:$DQ$111, _xlfn.XMATCH($F$20, DB_tStat!$A$2:$A$111, 0), _xlfn.XMATCH(Tbl_Budget[[#This Row],[Budget 관리단위]], DB_tStat!$A$1:$DQ$1, 0)),0)} -> 0.014198801 | G83: =Tbl_Budget[[#This Row],[유사회사 평균 비율]]*$C$9 -> 4.9411826 | H83: 최우금 | I83: =_xlfn.XLOOKUP(Tbl_Budget[[#This Row],[Assignment]],Tbl_Members[이름],Tbl_Members[사번],0) -> 330590 | J83: 8 | T83: 8 | W83: =IF(Tbl_Budget[[#This Row],[해당]]=TRUE,Tbl_Budget[[#This Row],[Budget 합계]]-SUM(Tbl_Budget[[#This Row],[1]:[12]]),0) -> 0 | X83: =SUM(Tbl_Budget[[#This Row],[10]:[12]])/$C$13 -> 0.023255814
B84: 종결단계 | C84: 외국어 보고서 | D84: FALSE | F84: {=IFERROR(INDEX(DB_tStat!$A$2:$DQ$111, _xlfn.XMATCH($F$20, DB_tStat!$A$2:$A$111, 0), _xlfn.XMATCH(Tbl_Budget[[#This Row],[Budget 관리단위]], DB_tStat!$A$1:$DQ$1, 0)),0)} -> 0 | G84: =Tbl_Budget[[#This Row],[유사회사 평균 비율]]*$C$9 -> 0 | I84: =_xlfn.XLOOKUP(Tbl_Budget[[#This Row],[Assignment]],Tbl_Members[이름],Tbl_Members[사번],0) -> 0 | W84: =IF(Tbl_Budget[[#This Row],[해당]]=TRUE,Tbl_Budget[[#This Row],[Budget 합계]]-SUM(Tbl_Budget[[#This Row],[1]:[12]]),0) -> 0 | X84: =SUM(Tbl_Budget[[#This Row],[10]:[12]])/$C$13 -> 0
B85: 연결 | C85: 기말감사 - 연결일반 | D85: FALSE | F85: {=IFERROR(INDEX(DB_tStat!$A$2:$DQ$111, _xlfn.XMATCH($F$20, DB_tStat!$A$2:$A$111, 0), _xlfn.XMATCH(Tbl_Budget[[#This Row],[Budget 관리단위]], DB_tStat!$A$1:$DQ$1, 0)),0)} -> 0.014264444 | G85: =Tbl_Budget[[#This Row],[유사회사 평균 비율]]*$C$9 -> 4.9640266 | I85: =_xlfn.XLOOKUP(Tbl_Budget[[#This Row],[Assignment]],Tbl_Members[이름],Tbl_Members[사번],0) -> 0 | W85: =IF(Tbl_Budget[[#This Row],[해당]]=TRUE,Tbl_Budget[[#This Row],[Budget 합계]]-SUM(Tbl_Budget[[#This Row],[1]:[12]]),0) -> 0 | X85: =SUM(Tbl_Budget[[#This Row],[10]:[12]])/$C$13 -> 0
B86: 연결 | C86: 기말감사 - 연결GA/CA | D86: FALSE | F86: {=IFERROR(INDEX(DB_tStat!$A$2:$DQ$111, _xlfn.XMATCH($F$20, DB_tStat!$A$2:$A$111, 0), _xlfn.XMATCH(Tbl_Budget[[#This Row],[Budget 관리단위]], DB_tStat!$A$1:$DQ$1, 0)),0)} -> 0.015300465 | G86: =Tbl_Budget[[#This Row],[유사회사 평균 비율]]*$C$9 -> 5.3245617 | I86: =_xlfn.XLOOKUP(Tbl_Budget[[#This Row],[Assignment]],Tbl_Members[이름],Tbl_Members[사번],0) -> 0 | W86: =IF(Tbl_Budget[[#This Row],[해당]]=TRUE,Tbl_Budget[[#This Row],[Budget 합계]]-SUM(Tbl_Budget[[#This Row],[1]:[12]]),0) -> 0 | X86: =SUM(Tbl_Budget[[#This Row],[10]:[12]])/$C$13 -> 0
B87: 연결 | C87: 기말감사 - 연결법인세 | D87: FALSE | F87: {=IFERROR(INDEX(DB_tStat!$A$2:$DQ$111, _xlfn.XMATCH($F$20, DB_tStat!$A$2:$A$111, 0), _xlfn.XMATCH(Tbl_Budget[[#This Row],[Budget 관리단위]], DB_tStat!$A$1:$DQ$1, 0)),0)} -> 0.004279303 | G87: =Tbl_Budget[[#This Row],[유사회사 평균 비율]]*$C$9 -> 1.4891974 | I87: =_xlfn.XLOOKUP(Tbl_Budget[[#This Row],[Assignment]],Tbl_Members[이름],Tbl_Members[사번],0) -> 0 | W87: =IF(Tbl_Budget[[#This Row],[해당]]=TRUE,Tbl_Budget[[#This Row],[Budget 합계]]-SUM(Tbl_Budget[[#This Row],[1]:[12]]),0) -> 0 | X87: =SUM(Tbl_Budget[[#This Row],[10]:[12]])/$C$13 -> 0
B88: 연결 | C88: 기말감사 - 연결CF | D88: FALSE | F88: {=IFERROR(INDEX(DB_tStat!$A$2:$DQ$111, _xlfn.XMATCH($F$20, DB_tStat!$A$2:$A$111, 0), _xlfn.XMATCH(Tbl_Budget[[#This Row],[Budget 관리단위]], DB_tStat!$A$1:$DQ$1, 0)),0)} -> 0.0049111788 | G88: =Tbl_Budget[[#This Row],[유사회사 평균 비율]]*$C$9 -> 1.7090902 | I88: =_xlfn.XLOOKUP(Tbl_Budget[[#This Row],[Assignment]],Tbl_Members[이름],Tbl_Members[사번],0) -> 0 | W88: =IF(Tbl_Budget[[#This Row],[해당]]=TRUE,Tbl_Budget[[#This Row],[Budget 합계]]-SUM(Tbl_Budget[[#This Row],[1]:[12]]),0) -> 0 | X88: =SUM(Tbl_Budget[[#This Row],[10]:[12]])/$C$13 -> 0
B89: 내부통제 | C89: 내부통제-계획/종결 | D89: ='B_ET 기본정보'!$C$12<>"④ 의무없음" -> TRUE | F89: {=IFERROR(INDEX(DB_tStat!$A$2:$DQ$111, _xlfn.XMATCH($F$20, DB_tStat!$A$2:$A$111, 0), _xlfn.XMATCH(Tbl_Budget[[#This Row],[Budget 관리단위]], DB_tStat!$A$1:$DQ$1, 0)),0)} -> 0.0033697503 | G89: =Tbl_Budget[[#This Row],[유사회사 평균 비율]]*$C$9 -> 1.1726731 | I89: =_xlfn.XLOOKUP(Tbl_Budget[[#This Row],[Assignment]],Tbl_Members[이름],Tbl_Members[사번],0) -> 0 | W89: =IF(Tbl_Budget[[#This Row],[해당]]=TRUE,Tbl_Budget[[#This Row],[Budget 합계]]-SUM(Tbl_Budget[[#This Row],[1]:[12]]),0) -> 0 | X89: =SUM(Tbl_Budget[[#This Row],[10]:[12]])/$C$13 -> 0
B90: 내부통제 | C90: 내부회계검토 | D90: ='B_ET 기본정보'!$C$12="③ 내부회계검토" -> FALSE | F90: {=IFERROR(INDEX(DB_tStat!$A$2:$DQ$111, _xlfn.XMATCH($F$20, DB_tStat!$A$2:$A$111, 0), _xlfn.XMATCH(Tbl_Budget[[#This Row],[Budget 관리단위]], DB_tStat!$A$1:$DQ$1, 0)),0)} -> 0 | G90: =Tbl_Budget[[#This Row],[유사회사 평균 비율]]*$C$9 -> 0 | I90: =_xlfn.XLOOKUP(Tbl_Budget[[#This Row],[Assignment]],Tbl_Members[이름],Tbl_Members[사번],0) -> 0 | W90: =IF(Tbl_Budget[[#This Row],[해당]]=TRUE,Tbl_Budget[[#This Row],[Budget 합계]]-SUM(Tbl_Budget[[#This Row],[1]:[12]]),0) -> 0 | X90: =SUM(Tbl_Budget[[#This Row],[10]:[12]])/$C$13 -> 0
B91: 내부통제 | C91: 설계평가-내부통제-ELC | D91: =ISNUMBER(SEARCH("내부회계감사",'B_ET 기본정보'!$C$12)) -> TRUE | F91: {=IFERROR(INDEX(DB_tStat!$A$2:$DQ$111, _xlfn.XMATCH($F$20, DB_tStat!$A$2:$A$111, 0), _xlfn.XMATCH(Tbl_Budget[[#This Row],[Budget 관리단위]], DB_tStat!$A$1:$DQ$1, 0)),0)} -> 0.0043406181 | G91: =Tbl_Budget[[#This Row],[유사회사 평균 비율]]*$C$9 -> 1.5105351 | I91: =_xlfn.XLOOKUP(Tbl_Budget[[#This Row],[Assignment]],Tbl_Members[이름],Tbl_Members[사번],0) -> 0 | W91: =IF(Tbl_Budget[[#This Row],[해당]]=TRUE,Tbl_Budget[[#This Row],[Budget 합계]]-SUM(Tbl_Budget[[#This Row],[1]:[12]]),0) -> 0 | X91: =SUM(Tbl_Budget[[#This Row],[10]:[12]])/$C$13 -> 0
B92: 내부통제 | C92: 설계평가-내부통제-ITGC | D92: =ISNUMBER(SEARCH("내부회계감사",'B_ET 기본정보'!$C$12)) -> TRUE | F92: {=IFERROR(INDEX(DB_tStat!$A$2:$DQ$111, _xlfn.XMATCH($F$20, DB_tStat!$A$2:$A$111, 0), _xlfn.XMATCH(Tbl_Budget[[#This Row],[Budget 관리단위]], DB_tStat!$A$1:$DQ$1, 0)),0)} -> 0.010995057 | G92: =Tbl_Budget[[#This Row],[유사회사 평균 비율]]*$C$9 -> 3.8262798 | I92: =_xlfn.XLOOKUP(Tbl_Budget[[#This Row],[Assignment]],Tbl_Members[이름],Tbl_Members[사번],0) -> 0 | W92: =IF(Tbl_Budget[[#This Row],[해당]]=TRUE,Tbl_Budget[[#This Row],[Budget 합계]]-SUM(Tbl_Budget[[#This Row],[1]:[12]]),0) -> 0 | X92: =SUM(Tbl_Budget[[#This Row],[10]:[12]])/$C$13 -> 0
B93: 내부통제 | C93: 설계평가-내부통제-재무보고(FR) | D93: =ISNUMBER(SEARCH("내부회계감사",'B_ET 기본정보'!$C$12)) -> TRUE | F93: {=IFERROR(INDEX(DB_tStat!$A$2:$DQ$111, _xlfn.XMATCH($F$20, DB_tStat!$A$2:$A$111, 0), _xlfn.XMATCH(Tbl_Budget[[#This Row],[Budget 관리단위]], DB_tStat!$A$1:$DQ$1, 0)),0)} -> 0.0070193279 | G93: =Tbl_Budget[[#This Row],[유사회사 평균 비율]]*$C$9 -> 2.4427261 | I93: =_xlfn.XLOOKUP(Tbl_Budget[[#This Row],[Assignment]],Tbl_Members[이름],Tbl_Members[사번],0) -> 0 | W93: =IF(Tbl_Budget[[#This Row],[해당]]=TRUE,Tbl_Budget[[#This Row],[Budget 합계]]-SUM(Tbl_Budget[[#This Row],[1]:[12]]),0) -> 0 | X93: =SUM(Tbl_Budget[[#This Row],[10]:[12]])/$C$13 -> 0
B94: 내부통제 | C94: 설계평가-내부통제-자금 | D94: =ISNUMBER(SEARCH("내부회계감사",'B_ET 기본정보'!$C$12)) -> TRUE | F94: {=IFERROR(INDEX(DB_tStat!$A$2:$DQ$111, _xlfn.XMATCH($F$20, DB_tStat!$A$2:$A$111, 0), _xlfn.XMATCH(Tbl_Budget[[#This Row],[Budget 관리단위]], DB_tStat!$A$1:$DQ$1, 0)),0)} -> 0.0054653986 | G94: =Tbl_Budget[[#This Row],[유사회사 평균 비율]]*$C$9 -> 1.9019587 | I94: =_xlfn.XLOOKUP(Tbl_Budget[[#This Row],[Assignment]],Tbl_Members[이름],Tbl_Members[사번],0) -> 0 | W94: =IF(Tbl_Budget[[#This Row],[해당]]=TRUE,Tbl_Budget[[#This Row],[Budget 합계]]-SUM(Tbl_Budget[[#This Row],[1]:[12]]),0) -> 0 | X94: =SUM(Tbl_Budget[[#This Row],[10]:[12]])/$C$13 -> 0
B95: 내부통제 | C95: 설계평가-내부통제-매출/매출채권 | D95: =ISNUMBER(SEARCH("내부회계감사",'B_ET 기본정보'!$C$12)) -> TRUE | F95: {=IFERROR(INDEX(DB_tStat!$A$2:$DQ$111, _xlfn.XMATCH($F$20, DB_tStat!$A$2:$A$111, 0), _xlfn.XMATCH(Tbl_Budget[[#This Row],[Budget 관리단위]], DB_tStat!$A$1:$DQ$1, 0)),0)} -> 0.0085820694 | G95: =Tbl_Budget[[#This Row],[유사회사 평균 비율]]*$C$9 -> 2.9865602 | I95: =_xlfn.XLOOKUP(Tbl_Budget[[#This Row],[Assignment]],Tbl_Members[이름],Tbl_Members[사번],0) -> 0 | W95: =IF(Tbl_Budget[[#This Row],[해당]]=TRUE,Tbl_Budget[[#This Row],[Budget 합계]]-SUM(Tbl_Budget[[#This Row],[1]:[12]]),0) -> 0 | X95: =SUM(Tbl_Budget[[#This Row],[10]:[12]])/$C$13 -> 0
B96: 내부통제 | C96: 설계평가-내부통제-재고/원가 | D96: =ISNUMBER(SEARCH("내부회계감사",'B_ET 기본정보'!$C$12)) -> TRUE | F96: {=IFERROR(INDEX(DB_tStat!$A$2:$DQ$111, _xlfn.XMATCH($F$20, DB_tStat!$A$2:$A$111, 0), _xlfn.XMATCH(Tbl_Budget[[#This Row],[Budget 관리단위]], DB_tStat!$A$1:$DQ$1, 0)),0)} -> 0.0050421213 | G96: =Tbl_Budget[[#This Row],[유사회사 평균 비율]]*$C$9 -> 1.7546582 | I96: =_xlfn.XLOOKUP(Tbl_Budget[[#This Row],[Assignment]],Tbl_Members[이름],Tbl_Members[사번],0) -> 0 | W96: =IF(Tbl_Budget[[#This Row],[해당]]=TRUE,Tbl_Budget[[#This Row],[Budget 합계]]-SUM(Tbl_Budget[[#This Row],[1]:[12]]),0) -> 0 | X96: =SUM(Tbl_Budget[[#This Row],[10]:[12]])/$C$13 -> 0
B97: 내부통제 | C97: 설계평가-내부통제-매입/매입채무 | D97: =ISNUMBER(SEARCH("내부회계감사",'B_ET 기본정보'!$C$12)) -> TRUE | F97: {=IFERROR(INDEX(DB_tStat!$A$2:$DQ$111, _xlfn.XMATCH($F$20, DB_tStat!$A$2:$A$111, 0), _xlfn.XMATCH(Tbl_Budget[[#This Row],[Budget 관리단위]], DB_tStat!$A$1:$DQ$1, 0)),0)} -> 0.0039043539 | G97: =Tbl_Budget[[#This Row],[유사회사 평균 비율]]*$C$9 -> 1.3587152 | I97: =_xlfn.XLOOKUP(Tbl_Budget[[#This Row],[Assignment]],Tbl_Members[이름],Tbl_Members[사번],0) -> 0 | W97: =IF(Tbl_Budget[[#This Row],[해당]]=TRUE,Tbl_Budget[[#This Row],[Budget 합계]]-SUM(Tbl_Budget[[#This Row],[1]:[12]]),0) -> 0 | X97: =SUM(Tbl_Budget[[#This Row],[10]:[12]])/$C$13 -> 0
B98: 내부통제 | C98: 설계평가-내부통제-급여/퇴직급여 | D98: =ISNUMBER(SEARCH("내부회계감사",'B_ET 기본정보'!$C$12)) -> TRUE | F98: {=IFERROR(INDEX(DB_tStat!$A$2:$DQ$111, _xlfn.XMATCH($F$20, DB_tStat!$A$2:$A$111, 0), _xlfn.XMATCH(Tbl_Budget[[#This Row],[Budget 관리단위]], DB_tStat!$A$1:$DQ$1, 0)),0)} -> 0.0040022916 | G98: =Tbl_Budget[[#This Row],[유사회사 평균 비율]]*$C$9 -> 1.3927975 | I98: =_xlfn.XLOOKUP(Tbl_Budget[[#This Row],[Assignment]],Tbl_Members[이름],Tbl_Members[사번],0) -> 0 | W98: =IF(Tbl_Budget[[#This Row],[해당]]=TRUE,Tbl_Budget[[#This Row],[Budget 합계]]-SUM(Tbl_Budget[[#This Row],[1]:[12]]),0) -> 0 | X98: =SUM(Tbl_Budget[[#This Row],[10]:[12]])/$C$13 -> 0
B99: 내부통제 | C99: 설계평가-내부통제-유/무형자산/투자부동산 | D99: =ISNUMBER(SEARCH("내부회계감사",'B_ET 기본정보'!$C$12)) -> TRUE | F99: {=IFERROR(INDEX(DB_tStat!$A$2:$DQ$111, _xlfn.XMATCH($F$20, DB_tStat!$A$2:$A$111, 0), _xlfn.XMATCH(Tbl_Budget[[#This Row],[Budget 관리단위]], DB_tStat!$A$1:$DQ$1, 0)),0)} -> 0.0045965606 | G99: =Tbl_Budget[[#This Row],[유사회사 평균 비율]]*$C$9 -> 1.5996031 | I99: =_xlfn.XLOOKUP(Tbl_Budget[[#This Row],[Assignment]],Tbl_Members[이름],Tbl_Members[사번],0) -> 0 | W99: =IF(Tbl_Budget[[#This Row],[해당]]=TRUE,Tbl_Budget[[#This Row],[Budget 합계]]-SUM(Tbl_Budget[[#This Row],[1]:[12]]),0) -> 0 | X99: =SUM(Tbl_Budget[[#This Row],[10]:[12]])/$C$13 -> 0
B100: 내부통제 | C100: 설계평가-내부통제-연결 | D100: =ISNUMBER(SEARCH("내부회계감사",'B_ET 기본정보'!$C$12)) -> TRUE | F100: {=IFERROR(INDEX(DB_tStat!$A$2:$DQ$111, _xlfn.XMATCH($F$20, DB_tStat!$A$2:$A$111, 0), _xlfn.XMATCH(Tbl_Budget[[#This Row],[Budget 관리단위]], DB_tStat!$A$1:$DQ$1, 0)),0)} -> 0.0020357674 | G100: =Tbl_Budget[[#This Row],[유사회사 평균 비율]]*$C$9 -> 0.70844706 | I100: =_xlfn.XLOOKUP(Tbl_Budget[[#This Row],[Assignment]],Tbl_Members[이름],Tbl_Members[사번],0) -> 0 | W100: =IF(Tbl_Budget[[#This Row],[해당]]=TRUE,Tbl_Budget[[#This Row],[Budget 합계]]-SUM(Tbl_Budget[[#This Row],[1]:[12]]),0) -> 0 | X100: =SUM(Tbl_Budget[[#This Row],[10]:[12]])/$C$13 -> 0
B101: 내부통제 | C101: 설계평가-내부통제-기타프로세스 | D101: =ISNUMBER(SEARCH("내부회계감사",'B_ET 기본정보'!$C$12)) -> TRUE | F101: {=IFERROR(INDEX(DB_tStat!$A$2:$DQ$111, _xlfn.XMATCH($F$20, DB_tStat!$A$2:$A$111, 0), _xlfn.XMATCH(Tbl_Budget[[#This Row],[Budget 관리단위]], DB_tStat!$A$1:$DQ$1, 0)),0)} -> 0.0025209441 | G101: =Tbl_Budget[[#This Row],[유사회사 평균 비율]]*$C$9 -> 0.87728855 | I101: =_xlfn.XLOOKUP(Tbl_Budget[[#This Row],[Assignment]],Tbl_Members[이름],Tbl_Members[사번],0) -> 0 | W101: =IF(Tbl_Budget[[#This Row],[해당]]=TRUE,Tbl_Budget[[#This Row],[Budget 합계]]-SUM(Tbl_Budget[[#This Row],[1]:[12]]),0) -> 0 | X101: =SUM(Tbl_Budget[[#This Row],[10]:[12]])/$C$13 -> 0
...

Sheet F_표준감사시간
A1: ='B_ET 기본정보'!C20 -> 15916-01-012 | B1: ='B_ET 기본정보'!C21 -> (주)에뛰드/2025년 회계감사 | D1: =IFERROR(('D_2606 budget template'!C4+'D_2606 budget template'!C14)/('D_2606 budget template'!C13-'D_2606 budget template'!C14),0) -> 0.22383721 | E1: ='D_2606 budget template'!C3-SUMIFS(Tbl_Budget[Budget 합계],Tbl_Budget[Budget 관리단위],"외국어 보고서",Tbl_Budget[해당],TRUE) -> 500 | F1: 검증 | G1: =E1-K4 -> 0 | H1: ='D_2606 budget template'!C13+'D_2606 budget template'!C4-SUM(K12:K484)-SUMIFS(Tbl_Budget[Budget 합계],Tbl_Budget[Budget 관리단위],"외국어 보고서",Tbl_Budget[해당],TRUE) -> 0 | K1: Monthly | L1: 1 | M1: 2 | N1: 3 | O1: 4 | P1: 5 | Q1: 6 | R1: 7 | S1: 8 | T1: 9 | U1: 10 | V1: 11 | W1: 12 | X1: 39 | Y1: 40 | Z1: 41 | AA1: 42 | AB1: 43 | AC1: 44 | AD1: 45 | AE1: 46 | AF1: 47 | AG1: 48 | AH1: 49 | AI1: 50 | AJ1: 51 | AK1: 52 | AL1: 53 | AM1: 54 | AN1: 55 | AO1: 56 | AP1: 57 | AQ1: 58 | AR1: 59 | AS1: 60 | AT1: 61
A2: Project Code | B2: Project Name | C2: TBD | D2: Activity | E2: Location | F2: Name | G2: 사번 | H2: Grade | I2: 숙련도 | J2: 숙련도 고려투입시간 | K2: TotalTime | L2: =TEXT('D_2606 budget template'!K21,"YYYY/MM") -> 2025/04 | M2: =TEXT('D_2606 budget template'!L21,"YYYY/MM") -> 2025/05 | N2: =TEXT('D_2606 budget template'!M21,"YYYY/MM") -> 2025/06 | O2: =TEXT('D_2606 budget template'!N21,"YYYY/MM") -> 2025/07 | P2: =TEXT('D_2606 budget template'!O21,"YYYY/MM") -> 2025/08 | Q2: =TEXT('D_2606 budget template'!P21,"YYYY/MM") -> 2025/09 | R2: =TEXT('D_2606 budget template'!Q21,"YYYY/MM") -> 2025/10 | S2: =TEXT('D_2606 budget template'!R21,"YYYY/MM") -> 2025/11 | ... W2: =TEXT('D_2606 budget template'!V21,"YYYY/MM") -> 2026/03
L3: =TEXT(NETWORKDAYS(EOMONTH(L2,-1)+1,EOMONTH(L2,0)),"##0")&" days" -> 22 days | M3: =TEXT(NETWORKDAYS(EOMONTH(M2,-1)+1,EOMONTH(M2,0)),"##0")&" days" -> 22 days | N3: =TEXT(NETWORKDAYS(EOMONTH(N2,-1)+1,EOMONTH(N2,0)),"##0")&" days" -> 21 days | O3: =TEXT(NETWORKDAYS(EOMONTH(O2,-1)+1,EOMONTH(O2,0)),"##0")&" days" -> 23 days | P3: =TEXT(NETWORKDAYS(EOMONTH(P2,-1)+1,EOMONTH(P2,0)),"##0")&" days" -> 21 days | Q3: =TEXT(NETWORKDAYS(EOMONTH(Q2,-1)+1,EOMONTH(Q2,0)),"##0")&" days" -> 22 days | R3: =TEXT(NETWORKDAYS(EOMONTH(R2,-1)+1,EOMONTH(R2,0)),"##0")&" days" -> 23 days | S3: =TEXT(NETWORKDAYS(EOMONTH(S2,-1)+1,EOMONTH(S2,0)),"##0")&" days" -> 20 days | ... W3: =TEXT(NETWORKDAYS(EOMONTH(W2,-1)+1,EOMONTH(W2,0)),"##0")&" days" -> 22 days
A4: (필수)프로젝트 코드 입력 | B4: 옵션 | C4: (필수)목록에서 선택 | D4: (필수)목록에서 선택 | E4: (필수)목록에서 선택 | F4: 옵션 | G4: 옵션 | H4: 옵션 | I4: =IF(K4=0, 0, J4/K4) -> 0 | J4: =SUM(J5:J484) -> 0 | K4: =SUM(K5:K484) -> 500 | L4: =SUM(L5:L484) -> 0 | M4: =SUM(M5:M484) -> 0 | N4: =SUM(N5:N484) -> 65 | O4: =SUM(O5:O484) -> 0 | P4: =SUM(P5:P484) -> 0 | Q4: =SUM(Q5:Q484) -> 41 | ... AT4: =SUM(AT5:AT484) -> 0
A5: =$A$1 -> 15916-01-012 | B5: =$B$1 -> (주)에뛰드/2025년 회계감사 | C5: N | D5: 재무제표기말감사 | E5: Field | G5: ='B_ET 기본정보'!D23 -> 170661 | J5: =I5*K5 -> 0 | K5: =SUM(L5:AT5) -> 20 | W5: ='B_ET 기본정보'!C31 -> 20
A6: =$A$1 -> 15916-01-012 | B6: =$B$1 -> (주)에뛰드/2025년 회계감사 | C6: N | D6: 재무제표기말감사 | E6: Field | G6: ='B_ET 기본정보'!D24 -> 280570 | J6: =I6*K6 -> 0 | K6: =SUM(L6:AT6) -> 55 | W6: ='B_ET 기본정보'!C32+H1 -> 55
A7: =$A$1 -> 15916-01-012 | B7: =$B$1 -> (주)에뛰드/2025년 회계감사 | C7: Y | D7: QRP | E7: Non-Field | H7: Partner | J7: =I7*K7 -> 0 | K7: =SUM(L7:AT7) -> 0 | W7: ='B_ET 기본정보'!C29 -> 0
A8: =$A$1 -> 15916-01-012 | B8: =$B$1 -> (주)에뛰드/2025년 회계감사 | C8: Y | D8: QC-(RM, ACS, M&T 등) | E8: Non-Field | H8: Director | J8: =I8*K8 -> 0 | K8: =SUM(L8:AT8) -> 0 | W8: ='B_ET 기본정보'!C30 -> 0
A9: =$A$1 -> 15916-01-012 | B9: =$B$1 -> (주)에뛰드/2025년 회계감사 | C9: Y | D9: SPA_내부통제 | E9: Non-Field | H9: Senior-Associate | J9: =I9*K9 -> 0 | K9: =SUM(L9:AT9) -> 0 | W9: ='B_ET 기본정보'!C33+'D_2606 budget template'!C11 -> 0
A10: =$A$1 -> 15916-01-012 | B10: =$B$1 -> (주)에뛰드/2025년 회계감사 | C10: Y | D10: Fulcrum | E10: Non-Field | H10: Senior-Associate | J10: =I10*K10 -> 0 | K10: =SUM(L10:AT10) -> 0 | W10: ='D_2606 budget template'!C10 -> 0
A11: =$A$1 -> 15916-01-012 | B11: =$B$1 -> (주)에뛰드/2025년 회계감사 | C11: Y | D11: 기타 | E11: Non-Field | H11: Senior-Associate | J11: =I11*K11 -> 0 | K11: =SUM(L11:AT11) -> 4 | W11: ='D_2606 budget template'!C12 -> 4
A12: =$A$1 -> 15916-01-012 | B12: =$B$1 -> (주)에뛰드/2025년 회계감사 | C12: Y | D12: 재무제표기말감사 | E12: Field | H12: Manager | J12: =I12*K12 -> 0 | K12: =SUM(L12:AT12) -> 0 | L12: =IFERROR(ROUND(SUMIFS(Tbl_Budget[1],Tbl_Budget[사번], "*TBD_Manager*",Tbl_Budget[해당],TRUE,Tbl_Budget[Budget 관리단위],"<>외국어 보고서")*(1+$D$1),),0) -> 0 | M12: =IFERROR(ROUND(SUMIFS(Tbl_Budget[2],Tbl_Budget[사번], "*TBD_Manager*",Tbl_Budget[해당],TRUE,Tbl_Budget[Budget 관리단위],"<>외국어 보고서")*(1+$D$1),),0) -> 0 | N12: =IFERROR(ROUND(SUMIFS(Tbl_Budget[3],Tbl_Budget[사번], "*TBD_Manager*",Tbl_Budget[해당],TRUE,Tbl_Budget[Budget 관리단위],"<>외국어 보고서")*(1+$D$1),),0) -> 0 | O12: =IFERROR(ROUND(SUMIFS(Tbl_Budget[4],Tbl_Budget[사번], "*TBD_Manager*",Tbl_Budget[해당],TRUE,Tbl_Budget[Budget 관리단위],"<>외국어 보고서")*(1+$D$1),),0) -> 0 | P12: =IFERROR(ROUND(SUMIFS(Tbl_Budget[5],Tbl_Budget[사번], "*TBD_Manager*",Tbl_Budget[해당],TRUE,Tbl_Budget[Budget 관리단위],"<>외국어 보고서")*(1+$D$1),),0) -> 0 | Q12: =IFERROR(ROUND(SUMIFS(Tbl_Budget[6],Tbl_Budget[사번], "*TBD_Manager*",Tbl_Budget[해당],TRUE,Tbl_Budget[Budget 관리단위],"<>외국어 보고서")*(1+$D$1),),0) -> 0 | R12: =IFERROR(ROUND(SUMIFS(Tbl_Budget[7],Tbl_Budget[사번], "*TBD_Manager*",Tbl_Budget[해당],TRUE,Tbl_Budget[Budget 관리단위],"<>외국어 보고서")*(1+$D$1),),0) -> 0 | S12: =IFERROR(ROUND(SUMIFS(Tbl_Budget[8],Tbl_Budget[사번], "*TBD_Manager*",Tbl_Budget[해당],TRUE,Tbl_Budget[Budget 관리단위],"<>외국어 보고서")*(1+$D$1),),0) -> 0 | T12: =IFERROR(ROUND(SUMIFS(Tbl_Budget[9],Tbl_Budget[사번], "*TBD_Manager*",Tbl_Budget[해당],TRUE,Tbl_Budget[Budget 관리단위],"<>외국어 보고서")*(1+$D$1),),0) -> 0 | U12: =IFERROR(ROUND(SUMIFS(Tbl_Budget[10],Tbl_Budget[사번], "*TBD_Manager*",Tbl_Budget[해당],TRUE,Tbl_Budget[Budget 관리단위],"<>외국어 보고서")*(1+$D$1),),0) -> 0 | V12: =IFERROR(ROUND(SUMIFS(Tbl_Budget[11],Tbl_Budget[사번], "*TBD_Manager*",Tbl_Budget[해당],TRUE,Tbl_Budget[Budget 관리단위],"<>외국어 보고서")*(1+$D$1),),0) -> 0 | W12: =IFERROR(ROUND(SUMIFS(Tbl_Budget[12],Tbl_Budget[사번], "*TBD_Manager*",Tbl_Budget[해당],TRUE,Tbl_Budget[Budget 관리단위],"<>외국어 보고서")*(1+$D$1),),0) -> 0
A13: =$A$1 -> 15916-01-012 | B13: =$B$1 -> (주)에뛰드/2025년 회계감사 | C13: Y | D13: 재무제표기말감사 | E13: Field | H13: Senior-Associate | J13: =I13*K13 -> 0 | K13: =SUM(L13:AT13) -> 0 | L13: =IFERROR(ROUND(SUMIFS(Tbl_Budget[1],Tbl_Budget[사번], "*TBD_Senior-Associate*",Tbl_Budget[해당],TRUE,Tbl_Budget[Budget 관리단위],"<>외국어 보고서")*(1+$D$1),),0) -> 0 | M13: =IFERROR(ROUND(SUMIFS(Tbl_Budget[2],Tbl_Budget[사번], "*TBD_Senior-Associate*",Tbl_Budget[해당],TRUE,Tbl_Budget[Budget 관리단위],"<>외국어 보고서")*(1+$D$1),),0) -> 0 | N13: =IFERROR(ROUND(SUMIFS(Tbl_Budget[3],Tbl_Budget[사번], "*TBD_Senior-Associate*",Tbl_Budget[해당],TRUE,Tbl_Budget[Budget 관리단위],"<>외국어 보고서")*(1+$D$1),),0) -> 0 | O13: =IFERROR(ROUND(SUMIFS(Tbl_Budget[4],Tbl_Budget[사번], "*TBD_Senior-Associate*",Tbl_Budget[해당],TRUE,Tbl_Budget[Budget 관리단위],"<>외국어 보고서")*(1+$D$1),),0) -> 0 | P13: =IFERROR(ROUND(SUMIFS(Tbl_Budget[5],Tbl_Budget[사번], "*TBD_Senior-Associate*",Tbl_Budget[해당],TRUE,Tbl_Budget[Budget 관리단위],"<>외국어 보고서")*(1+$D$1),),0) -> 0 | Q13: =IFERROR(ROUND(SUMIFS(Tbl_Budget[6],Tbl_Budget[사번], "*TBD_Senior-Associate*",Tbl_Budget[해당],TRUE,Tbl_Budget[Budget 관리단위],"<>외국어 보고서")*(1+$D$1),),0) -> 0 | R13: =IFERROR(ROUND(SUMIFS(Tbl_Budget[7],Tbl_Budget[사번], "*TBD_Senior-Associate*",Tbl_Budget[해당],TRUE,Tbl_Budget[Budget 관리단위],"<>외국어 보고서")*(1+$D$1),),0) -> 0 | S13: =IFERROR(ROUND(SUMIFS(Tbl_Budget[8],Tbl_Budget[사번], "*TBD_Senior-Associate*",Tbl_Budget[해당],TRUE,Tbl_Budget[Budget 관리단위],"<>외국어 보고서")*(1+$D$1),),0) -> 0 | T13: =IFERROR(ROUND(SUMIFS(Tbl_Budget[9],Tbl_Budget[사번], "*TBD_Senior-Associate*",Tbl_Budget[해당],TRUE,Tbl_Budget[Budget 관리단위],"<>외국어 보고서")*(1+$D$1),),0) -> 0 | U13: =IFERROR(ROUND(SUMIFS(Tbl_Budget[10],Tbl_Budget[사번], "*TBD_Senior-Associate*",Tbl_Budget[해당],TRUE,Tbl_Budget[Budget 관리단위],"<>외국어 보고서")*(1+$D$1),),0) -> 0 | V13: =IFERROR(ROUND(SUMIFS(Tbl_Budget[11],Tbl_Budget[사번], "*TBD_Senior-Associate*",Tbl_Budget[해당],TRUE,Tbl_Budget[Budget 관리단위],"<>외국어 보고서")*(1+$D$1),),0) -> 0 | W13: =IFERROR(ROUND(SUMIFS(Tbl_Budget[12],Tbl_Budget[사번], "*TBD_Senior-Associate*",Tbl_Budget[해당],TRUE,Tbl_Budget[Budget 관리단위],"<>외국어 보고서")*(1+$D$1),),0) -> 0
A14: =$A$1 -> 15916-01-012 | B14: =$B$1 -> (주)에뛰드/2025년 회계감사 | C14: Y | D14: 재무제표기말감사 | E14: Field | H14: Associate | J14: =I14*K14 -> 0 | K14: =SUM(L14:AT14) -> 0 | L14: =IFERROR(ROUND(SUMIFS(Tbl_Budget[1],Tbl_Budget[사번], "*TBD_Associate*",Tbl_Budget[해당],TRUE,Tbl_Budget[Budget 관리단위],"<>외국어 보고서")*(1+$D$1),),0) -> 0 | M14: =IFERROR(ROUND(SUMIFS(Tbl_Budget[2],Tbl_Budget[사번], "*TBD_Associate*",Tbl_Budget[해당],TRUE,Tbl_Budget[Budget 관리단위],"<>외국어 보고서")*(1+$D$1),),0) -> 0 | N14: =IFERROR(ROUND(SUMIFS(Tbl_Budget[3],Tbl_Budget[사번], "*TBD_Associate*",Tbl_Budget[해당],TRUE,Tbl_Budget[Budget 관리단위],"<>외국어 보고서")*(1+$D$1),),0) -> 0 | O14: =IFERROR(ROUND(SUMIFS(Tbl_Budget[4],Tbl_Budget[사번], "*TBD_Associate*",Tbl_Budget[해당],TRUE,Tbl_Budget[Budget 관리단위],"<>외국어 보고서")*(1+$D$1),),0) -> 0 | P14: =IFERROR(ROUND(SUMIFS(Tbl_Budget[5],Tbl_Budget[사번], "*TBD_Associate*",Tbl_Budget[해당],TRUE,Tbl_Budget[Budget 관리단위],"<>외국어 보고서")*(1+$D$1),),0) -> 0 | Q14: =IFERROR(ROUND(SUMIFS(Tbl_Budget[6],Tbl_Budget[사번], "*TBD_Associate*",Tbl_Budget[해당],TRUE,Tbl_Budget[Budget 관리단위],"<>외국어 보고서")*(1+$D$1),),0) -> 0 | R14: =IFERROR(ROUND(SUMIFS(Tbl_Budget[7],Tbl_Budget[사번], "*TBD_Associate*",Tbl_Budget[해당],TRUE,Tbl_Budget[Budget 관리단위],"<>외국어 보고서")*(1+$D$1),),0) -> 0 | S14: =IFERROR(ROUND(SUMIFS(Tbl_Budget[8],Tbl_Budget[사번], "*TBD_Associate*",Tbl_Budget[해당],TRUE,Tbl_Budget[Budget 관리단위],"<>외국어 보고서")*(1+$D$1),),0) -> 0 | T14: =IFERROR(ROUND(SUMIFS(Tbl_Budget[9],Tbl_Budget[사번], "*TBD_Associate*",Tbl_Budget[해당],TRUE,Tbl_Budget[Budget 관리단위],"<>외국어 보고서")*(1+$D$1),),0) -> 0 | U14: =IFERROR(ROUND(SUMIFS(Tbl_Budget[10],Tbl_Budget[사번], "*TBD_Associate*",Tbl_Budget[해당],TRUE,Tbl_Budget[Budget 관리단위],"<>외국어 보고서")*(1+$D$1),),0) -> 0 | V14: =IFERROR(ROUND(SUMIFS(Tbl_Budget[11],Tbl_Budget[사번], "*TBD_Associate*",Tbl_Budget[해당],TRUE,Tbl_Budget[Budget 관리단위],"<>외국어 보고서")*(1+$D$1),),0) -> 0 | W14: =IFERROR(ROUND(SUMIFS(Tbl_Budget[12],Tbl_Budget[사번], "*TBD_Associate*",Tbl_Budget[해당],TRUE,Tbl_Budget[Budget 관리단위],"<>외국어 보고서")*(1+$D$1),),0) -> 0
A15: =$A$1 -> 15916-01-012 | B15: =$B$1 -> (주)에뛰드/2025년 회계감사 | C15: Y | D15: New Staff | E15: Field | H15: Associate | J15: =I15*K15 -> 0 | K15: =SUM(L15:AT15) -> 0 | L15: =IFERROR(ROUND(SUMIFS(Tbl_Budget[1],Tbl_Budget[사번], "*New comer*",Tbl_Budget[해당],TRUE,Tbl_Budget[Budget 관리단위],"<>외국어 보고서")*(1+$D$1),),0) -> 0 | M15: =IFERROR(ROUND(SUMIFS(Tbl_Budget[2],Tbl_Budget[사번], "*New comer*",Tbl_Budget[해당],TRUE,Tbl_Budget[Budget 관리단위],"<>외국어 보고서")*(1+$D$1),),0) -> 0 | N15: =IFERROR(ROUND(SUMIFS(Tbl_Budget[3],Tbl_Budget[사번], "*New comer*",Tbl_Budget[해당],TRUE,Tbl_Budget[Budget 관리단위],"<>외국어 보고서")*(1+$D$1),),0) -> 0 | O15: =IFERROR(ROUND(SUMIFS(Tbl_Budget[4],Tbl_Budget[사번], "*New comer*",Tbl_Budget[해당],TRUE,Tbl_Budget[Budget 관리단위],"<>외국어 보고서")*(1+$D$1),),0) -> 0 | P15: =IFERROR(ROUND(SUMIFS(Tbl_Budget[5],Tbl_Budget[사번], "*New comer*",Tbl_Budget[해당],TRUE,Tbl_Budget[Budget 관리단위],"<>외국어 보고서")*(1+$D$1),),0) -> 0 | Q15: =IFERROR(ROUND(SUMIFS(Tbl_Budget[6],Tbl_Budget[사번], "*New comer*",Tbl_Budget[해당],TRUE,Tbl_Budget[Budget 관리단위],"<>외국어 보고서")*(1+$D$1),),0) -> 0 | R15: =IFERROR(ROUND(SUMIFS(Tbl_Budget[7],Tbl_Budget[사번], "*New comer*",Tbl_Budget[해당],TRUE,Tbl_Budget[Budget 관리단위],"<>외국어 보고서")*(1+$D$1),),0) -> 0 | S15: =IFERROR(ROUND(SUMIFS(Tbl_Budget[8],Tbl_Budget[사번], "*New comer*",Tbl_Budget[해당],TRUE,Tbl_Budget[Budget 관리단위],"<>외국어 보고서")*(1+$D$1),),0) -> 0 | T15: =IFERROR(ROUND(SUMIFS(Tbl_Budget[9],Tbl_Budget[사번], "*New comer*",Tbl_Budget[해당],TRUE,Tbl_Budget[Budget 관리단위],"<>외국어 보고서")*(1+$D$1),),0) -> 0 | U15: =IFERROR(ROUND(SUMIFS(Tbl_Budget[10],Tbl_Budget[사번], "*New comer*",Tbl_Budget[해당],TRUE,Tbl_Budget[Budget 관리단위],"<>외국어 보고서")*(1+$D$1),),0) -> 0 | V15: =IFERROR(ROUND(SUMIFS(Tbl_Budget[11],Tbl_Budget[사번], "*New comer*",Tbl_Budget[해당],TRUE,Tbl_Budget[Budget 관리단위],"<>외국어 보고서")*(1+$D$1),),0) -> 0 | W15: =IFERROR(ROUND(SUMIFS(Tbl_Budget[12],Tbl_Budget[사번], "*New comer*",Tbl_Budget[해당],TRUE,Tbl_Budget[Budget 관리단위],"<>외국어 보고서")*(1+$D$1),),0) -> 0
A16: {=_xlfn.MAKEARRAY(ROWS(_xlfn.ANCHORARRAY(D16)), 1, _xlfn.LAMBDA(_xlpm.r,_xlpm.c, A1))} -> 15916-01-012 | B16: {=_xlfn.MAKEARRAY(ROWS(_xlfn.ANCHORARRAY(D16)), 1, _xlfn.LAMBDA(_xlpm.r,_xlpm.c, B1))} -> (주)에뛰드/2025년 회계감사 | C16: {=_xlfn.MAKEARRAY(ROWS(_xlfn.ANCHORARRAY(D16)), 1, _xlfn.LAMBDA(_xlpm.r,_xlpm.c, "N"))} -> N | D16: {=_xlfn.MAKEARRAY( COUNTA( _xlfn._xlws.FILTER( Tbl_Members[사번], LEN(Tbl_Members[사번])=6 ) ), 1, _xlfn.LAMBDA(_xlpm.r,_xlpm.c, "재무제표기말감사") )} -> 재무제표기말감사 | E16: {=_xlfn.MAKEARRAY(ROWS(_xlfn.ANCHORARRAY(D16)), 1, _xlfn.LAMBDA(_xlpm.r,_xlpm.c, "Field"))} -> Field | G16: {=_xlfn._xlws.FILTER( Tbl_Members[사번], LEN(Tbl_Members[사번])=6 )} -> 260666 | J16: =I16*K16 -> 0 | K16: =SUM(L16:AT16) -> 1 | L16: {=IFERROR(ROUND(SUMIFS(Tbl_Budget[1],Tbl_Budget[사번],_xlfn.ANCHORARRAY($G$16),Tbl_Budget[해당],TRUE,Tbl_Budget[Budget 관리단위],"<>외국어 보고서")*(1+$D$1),),0)} -> 0 | M16: {=IFERROR(ROUND(SUMIFS(Tbl_Budget[2],Tbl_Budget[사번],_xlfn.ANCHORARRAY($G$16),Tbl_Budget[해당],TRUE,Tbl_Budget[Budget 관리단위],"<>외국어 보고서")*(1+$D$1),),0)} -> 0 | N16: {=IFERROR(ROUND(SUMIFS(Tbl_Budget[3],Tbl_Budget[사번],_xlfn.ANCHORARRAY($G$16),Tbl_Budget[해당],TRUE,Tbl_Budget[Budget 관리단위],"<>외국어 보고서")*(1+$D$1),),0)} -> 1 | O16: {=IFERROR(ROUND(SUMIFS(Tbl_Budget[4],Tbl_Budget[사번],_xlfn.ANCHORARRAY($G$16),Tbl_Budget[해당],TRUE,Tbl_Budget[Budget 관리단위],"<>외국어 보고서")*(1+$D$1),),0)} -> 0 | P16: {=IFERROR(ROUND(SUMIFS(Tbl_Budget[5],Tbl_Budget[사번],_xlfn.ANCHORARRAY($G$16),Tbl_Budget[해당],TRUE,Tbl_Budget[Budget 관리단위],"<>외국어 보고서")*(1+$D$1),),0)} -> 0 | Q16: {=IFERROR(ROUND(SUMIFS(Tbl_Budget[6],Tbl_Budget[사번],_xlfn.ANCHORARRAY($G$16),Tbl_Budget[해당],TRUE,Tbl_Budget[Budget 관리단위],"<>외국어 보고서")*(1+$D$1),),0)} -> 0 | R16: {=IFERROR(ROUND(SUMIFS(Tbl_Budget[7],Tbl_Budget[사번],_xlfn.ANCHORARRAY($G$16),Tbl_Budget[해당],TRUE,Tbl_Budget[Budget 관리단위],"<>외국어 보고서")*(1+$D$1),),0)} -> 0 | S16: {=IFERROR(ROUND(SUMIFS(Tbl_Budget[8],Tbl_Budget[사번],_xlfn.ANCHORARRAY($G$16),Tbl_Budget[해당],TRUE,Tbl_Budget[Budget 관리단위],"<>외국어 보고서")*(1+$D$1),),0)} -> 0 | T16: {=IFERROR(ROUND(SUMIFS(Tbl_Budget[9],Tbl_Budget[사번],_xlfn.ANCHORARRAY($G$16),Tbl_Budget[해당],TRUE,Tbl_Budget[Budget 관리단위],"<>외국어 보고서")*(1+$D$1),),0)} -> 0 | U16: {=IFERROR(ROUND(SUMIFS(Tbl_Budget[10],Tbl_Budget[사번],_xlfn.ANCHORARRAY($G$16),Tbl_Budget[해당],TRUE,Tbl_Budget[Budget 관리단위],"<>외국어 보고서")*(1+$D$1),),0)} -> 0 | V16: {=IFERROR(ROUND(SUMIFS(Tbl_Budget[11],Tbl_Budget[사번],_xlfn.ANCHORARRAY($G$16),Tbl_Budget[해당],TRUE,Tbl_Budget[Budget 관리단위],"<>외국어 보고서")*(1+$D$1),),0)} -> 0 | W16: {=IFERROR(ROUND(SUMIFS(Tbl_Budget[12],Tbl_Budget[사번],_xlfn.ANCHORARRAY($G$16),Tbl_Budget[해당],TRUE,Tbl_Budget[Budget 관리단위],"<>외국어 보고서")*(1+$D$1),),0)} -> 0
A17: 15916-01-012 | B17: (주)에뛰드/2025년 회계감사 | C17: N | D17: 재무제표기말감사 | E17: Field | G17: 310625 | J17: =I17*K17 -> 0 | K17: =SUM(L17:AT17) -> 156 | L17: 0 | M17: 0 | N17: 31 | O17: 0 | P17: 0 | Q17: 15 | R17: 0 | S17: 0 | T17: 38 | U17: 48 | V17: 24 | W17: 0
A18: 15916-01-012 | B18: (주)에뛰드/2025년 회계감사 | C18: N | D18: 재무제표기말감사 | E18: Field | G18: 330590 | J18: =I18*K18 -> 0 | K18: =SUM(L18:AT18) -> 132 | L18: 0 | M18: 0 | N18: 10 | O18: 0 | P18: 0 | Q18: 13 | R18: 0 | S18: 0 | T18: 48 | U18: 61 | V18: 0 | W18: 0
A19: 15916-01-012 | B19: (주)에뛰드/2025년 회계감사 | C19: N | D19: 재무제표기말감사 | E19: Field | G19: 340644 | J19: =I19*K19 -> 0 | K19: =SUM(L19:AT19) -> 132 | L19: 0 | M19: 0 | N19: 23 | O19: 0 | P19: 0 | Q19: 13 | R19: 0 | S19: 0 | T19: 32 | U19: 64 | V19: 0 | W19: 0
J20: =I20*K20 -> 0 | K20: =SUM(L20:AT20) -> 0
J21: =I21*K21 -> 0 | K21: =SUM(L21:AT21) -> 0
J22: =I22*K22 -> 0 | K22: =SUM(L22:AT22) -> 0
J23: =I23*K23 -> 0 | K23: =SUM(L23:AT23) -> 0
J24: =I24*K24 -> 0 | K24: =SUM(L24:AT24) -> 0
J25: =I25*K25 -> 0 | K25: =SUM(L25:AT25) -> 0
J26: =I26*K26 -> 0 | K26: =SUM(L26:AT26) -> 0
J27: =I27*K27 -> 0 | K27: =SUM(L27:AT27) -> 0
J28: =I28*K28 -> 0 | K28: =SUM(L28:AT28) -> 0
J29: =I29*K29 -> 0 | K29: =SUM(L29:AT29) -> 0
J30: =I30*K30 -> 0 | K30: =SUM(L30:AT30) -> 0
J31: =I31*K31 -> 0 | K31: =SUM(L31:AT31) -> 0
... J484: =I484*K484 -> 0 | K484: =SUM(L484:AT484) -> 0

Sheet E_예산관리단위
B1: Time Report Activity 구분
B2: 대분류 코드 | C2: 대분류 명 | D2: 중분류 코드 | E2: 중분류 명 | F2: 소분류 코드 | G2: 소분류 명 | H2: Budget 관리단위 | I2: 비고
B3: Code number1 | C3: Code name1 | D3: Code number2 | E3: Code name2 | F3: Code number3 | G3: Code name3
B4: AA1000 | C4: PM/Sub PM | D4: AA1100 | E4: 감사/검토 계획 수립 | F4: AA1101 | G4: - | H4: N/A(FLDT-PM 시간)
B5: AA1000 | C5: PM/Sub PM | D5: AA1200 | E5: Client communication | F5: AA1201 | G5: - | H5: N/A(FLDT-PM 시간)
B6: AA1000 | C6: PM/Sub PM | D6: AA1300 | E6: Internal communication | F6: AA1301 | G6: - | H6: N/A(FLDT-PM 시간)
B7: AA1000 | C7: PM/Sub PM | D7: AA1400 | E7: 코칭&리뷰 | F7: AA1401 | G7: - | H7: N/A(FLDT-PM 시간)
B8: AA1000 | C8: PM/Sub PM | D8: AA1600 | E8: 감사/검토 종결 단계 | F8: AA1601 | G8: - | H8: N/A(FLDT-PM 시간)
B9: AA1000 | C9: PM/Sub PM | D9: AA1800 | E9: Admin | F9: AA1801 | G9: - | H9: N/A(FLDT-PM 시간)
B10: AA1000 | C10: PM/Sub PM | D10: AA1900 | E10: 기타 | F10: AA1901 | G10: - | H10: N/A(FLDT-PM 시간)
B11: AA10000 | C11: 분반기 검토 | D11: AA11000 | E11: 계획/준비 | F11: AA11002 | G11: Aura DB tailoring | H11: 분반기 검토
B12: AA10000 | C12: 분반기 검토 | D12: AA11000 | E12: 계획/준비 | F12: AA11010 | G12: Planning EGA 문서화 | H12: 분반기 검토
B13: AA10000 | C13: 분반기 검토 | D13: AA11000 | E13: 계획/준비 | F13: AA11015 | G13: 기타 | H13: 분반기 검토
B14: AA10000 | C14: 분반기 검토 | D14: AA12000 | E14: 분석적절차 | F14: AA12002 | G14: 별도 | H14: 분반기 검토
B15: AA10000 | C15: 분반기 검토 | D15: AA12000 | E15: 분석적절차 | F15: AA12003 | G15: 연결 | H15: 분반기 검토
... B68: DD10000 | C68: IT 감사-RA | D68: DD10100 | E68: PM/Sub PM | F68: DD10110 | G68: 기타 | H68: N/A(RA-EL/PM 시간)
B69: DD10000 | C69: IT 감사-RA | D69: DD11000 | E69: Planning | F69: DD11001 | G69: 감사전략 검토 및 미팅 | H69: IT 감사-RA | I69: 내부통제-계획/종결
B70: DD10000 | C70: IT 감사-RA | D70: DD11000 | E70: Planning | F70: DD11002 | G70: Kick off template 작성 | H70: IT 감사-RA | I70: 내부통제-계획/종결
B71: DD10000 | C71: IT 감사-RA | D71: DD11000 | E71: Planning | F71: DD11005 | G71: Planning EGA 문서화 | H71: IT 감사-RA | I71: 내부통제-계획/종결
B72: DD10000 | C72: IT 감사-RA | D72: DD11000 | E72: Planning | F72: DD11009 | G72: 기타 | H72: IT 감사-RA | I72: 내부통제-계획/종결
B73: DD10000 | C73: IT 감사-RA | D73: DD12000 | E73: 설계평가 | F73: DD12001 | G73: ITGC | H73: IT 감사-RA | I73: 설계평가-내부통제-ITGC
B74: DD10000 | C74: IT 감사-RA | D74: DD13000 | E74: 운영평가 | F74: DD13001 | G74: ITGC | H74: IT 감사-RA | I74: 운영평가-내부통제-ITGC
B75: DD10000 | C75: IT 감사-RA | D75: DD14000 | E75: 설계 및 운영평가 | F75: DD14001 | G75: 자동통제_매출/매출채권 | H75: IT 감사-RA | I75: 설계평가-내부통제-매출/매출채권
B76: DD10000 | C76: IT 감사-RA | D76: DD14000 | E76: 설계 및 운영평가 | F76: DD14002 | G76: 자동통제_재고/원가 | H76: IT 감사-RA | I76: 설계평가-내부통제-재고/원가
B77: DD10000 | C77: IT 감사-RA | D77: DD14000 | E77: 설계 및 운영평가 | F77: DD14003 | G77: 자동통제_매입/매입채무 | H77: IT 감사-RA | I77: 설계평가-내부통제-매입/매입채무
B78: DD10000 | C78: IT 감사-RA | D78: DD14000 | E78: 설계 및 운영평가 | F78: DD14004 | G78: 자동통제_재무보고 | H78: IT 감사-RA | I78: 설계평가-내부통제-재무보고(FR)
B79: DD10000 | C79: IT 감사-RA | D79: DD14000 | E79: 설계 및 운영평가 | F79: DD14005 | G79: 자동통제_연결 | H79: IT 감사-RA | I79: 설계평가-내부통제-연결
B80: DD10000 | C80: IT 감사-RA | D80: DD14000 | E80: 설계 및 운영평가 | F80: DD14006 | G80: 자동통제_여신 | H80: IT 감사-RA | I80: (금융)설계평가-내부통제-대출채권
... B93: DD10000 | C93: IT 감사-RA | D93: DD19000 | E93: 기타 | F93: DD19001 | G93: - | H93: IT 감사-RA | I93: 내부통제-계획/종결
B94: EE10000 | C94: 재무제표 수준 위험 | D94: EE11000 | E94: 부정위험 | F94: EE11001 | G94: - | H94: 부정위험
B95: EE10000 | C95: 재무제표 수준 위험 | D95: EE12000 | E95: 계속기업 | F95: EE12001 | G95: - | H95: 계속기업
B96: EE10000 | C96: 재무제표 수준 위험 | D96: EE14000 | E96: 특수관계자 거래 | F96: EE14001 | G96: - | H96: 기타(특수관계자/법률 및 규정)
B97: EE10000 | C97: 재무제표 수준 위험 | D97: EE15000 | E97: 법률 및 규정 | F97: EE15001 | G97: - | H97: 기타(특수관계자/법률 및 규정)
B98: FF10000 | C98: 자산 | D98: FF10100 | E98: 현금 및 현금성자산 | F98: FF10102 | G98: 총괄표&증감분석 | H98: 현금및현금성자산-일반
B99: FF10000 | C99: 자산 | D99: FF10100 | E99: 현금 및 현금성자산 | F99: FF10103 | G99: 계정 이해 및 감사계획 수립 | H99: 현금및현금성자산-일반
B100: FF10000 | C100: 자산 | D100: FF10100 | E100: 현금 및 현금성자산 | F100: FF10108 | G100: 금융기관 조회절차 | H100: 현금및현금성자산-조회
B101: FF10000 | C101: 자산 | D101: FF10100 | E101: 현금 및 현금성자산 | F101: FF10109 | G101: 기업신용공여정보 대사절차 | H101: 현금및현금성자산-일반
B102: FF10000 | C102: 자산 | D102: FF10100 | E102: 현금 및 현금성자산 | F102: FF10110 | G102: 현금성자산 분류 | H102: 현금및현금성자산-일반
B103: FF10000 | C103: 자산 | D103: FF10100 | E103: 현금 및 현금성자산 | F103: FF10115 | G103: 이자수익 테스트-FS | H103: 현금및현금성자산-일반
B104: FF10000 | C104: 자산 | D104: FF10100 | E104: 현금 및 현금성자산 | F104: FF10120 | G104: 기타 | H104: 현금및현금성자산-일반
B105: FF10000 | C105: 자산 | D105: FF10200 | E105: 채무 및 지분증권 | F105: FF10202 | G105: 총괄표&증감분석 | H105: 채무 및 지분증권-일반
... B311: LL10000 | C311: 종결단계 | D311: LL19000 | E311: 기타 | F311: LL19001 | G311: - | H311: 종결단계

Sheet DB_rVal
A1: 이름 | B1: 참조 | C1: Indirect1 | D1: Indirect2 | E1: 상태 | F1: 비고1 | G1: 비고2
A2: Range_1_01 | B2: ='B_ET 기본정보'!$C$5 | C2: {=INDIRECT(A2)} -> ⑤ 도소매업 | D2: {=INDIRECT(SUBSTITUTE(B2,"=",""))} -> ⑤ 도소매업 | E2: =C2=D2 -> TRUE | F2: 1. 당기 감사 Client 기본 정보 << 지원코드인경우는 미작성 | G2: 1) 표준산업분류
A3: Range_1_02 | B3: ='B_ET 기본정보'!$C$6 | C3: {=INDIRECT(A3)} -> ⑤ 별도 1천억미만 ~ 500억이상 | D3: {=INDIRECT(SUBSTITUTE(B3,"=",""))} -> ⑤ 별도 1천억미만 ~ 500억이상 | E3: =C3=D3 -> TRUE | F3: 1. 당기 감사 Client 기본 정보 << 지원코드인경우는 미작성 | G3: 2) 자산규모
A4: Range_1_03 | B4: ='B_ET 기본정보'!$C$7 | C4: {=INDIRECT(A4)} -> ⑥ 비상장 | D4: {=INDIRECT(SUBSTITUTE(B4,"=",""))} -> ⑥ 비상장 | E4: =C4=D4 -> TRUE | F4: 1. 당기 감사 Client 기본 정보 << 지원코드인경우는 미작성 | G4: 3) 상장/비상장
A5: Range_1_04 | B5: ='B_ET 기본정보'!$C$8 | C5: {=INDIRECT(A5)} -> ② 사업보고서 제출미대상 | D5: {=INDIRECT(SUBSTITUTE(B5,"=",""))} -> ② 사업보고서 제출미대상 | E5: =C5=D5 -> TRUE | F5: 1. 당기 감사 Client 기본 정보 << 지원코드인경우는 미작성 | G5: 4) 사업보고서 제출
A6: Range_1_05 | B6: ='B_ET 기본정보'!$C$9 | C6: {=INDIRECT(A6)} -> ① IFRS | D6: {=INDIRECT(SUBSTITUTE(B6,"=",""))} -> ① IFRS | E6: =C6=D6 -> TRUE | F6: 1. 당기 감사 Client 기본 정보 << 지원코드인경우는 미작성 | G6: 5) GAAP
A7: Range_1_06 | B7: ='B_ET 기본정보'!$C$10 | C7: {=INDIRECT(A7)} -> ② 미작성 | D7: {=INDIRECT(SUBSTITUTE(B7,"=",""))} -> ② 미작성 | E7: =C7=D7 -> TRUE | F7: 1. 당기 감사 Client 기본 정보 << 지원코드인경우는 미작성 | G7: 6) 연결재무제표작성
A8: Range_1_07 | B8: ='B_ET 기본정보'!$C$11 | C8: {=INDIRECT(A8)} -> ① 없음 | D8: {=INDIRECT(SUBSTITUTE(B8,"=",""))} -> ① 없음 | E8: =C8=D8 -> TRUE | F8: 1. 당기 감사 Client 기본 정보 << 지원코드인경우는 미작성 | G8: 7) 연결자회사수
A9: Range_1_08 | B9: ='B_ET 기본정보'!$C$12 | C9: {=INDIRECT(A9)} -> ② 내부회계감사(별도) | D9: {=INDIRECT(SUBSTITUTE(B9,"=",""))} -> ② 내부회계감사(별도) | E9: =C9=D9 -> TRUE | F9: 1. 당기 감사 Client 기본 정보 << 지원코드인경우는 미작성 | G9: 8) 내부회계관리제도
A10: Range_1_09 | B10: ='B_ET 기본정보'!$C$13 | C10: {=INDIRECT(A10)} -> ① 초도감사 | D10: {=INDIRECT(SUBSTITUTE(B10,"=",""))} -> ① 초도감사 | E10: =C10=D10 -> TRUE | F10: 1. 당기 감사 Client 기본 정보 << 지원코드인경우는 미작성 | G10: 9) 초도감사
A11: Range_1_10 | B11: ='B_ET 기본정보'!$C$14 | C11: {=INDIRECT(A11)} -> 45748 | D11: {=INDIRECT(SUBSTITUTE(B11,"=",""))} -> 45748 | E11: =C11=D11 -> TRUE | F11: 1. 당기 감사 Client 기본 정보 << 지원코드인경우는 미작성 | G11: 10) 업무개시일
A12: Range_1_11 | B12: ='B_ET 기본정보'!$C$15 | C12: {=INDIRECT(A12)} -> 500 | D12: {=INDIRECT(SUBSTITUTE(B12,"=",""))} -> 500 | E12: =C12=D12 -> TRUE | F12: 1. 당기 감사 Client 기본 정보 << 지원코드인경우는 미작성 | G12: 11) 총계약시간
A13: Range_2_01 | B13: ='B_ET 기본정보'!$C$20 | C13: {=INDIRECT(A13)} -> 15916-01-012 | D13: {=INDIRECT(SUBSTITUTE(B13,"=",""))} -> 15916-01-012 | E13: =C13=D13 -> TRUE | F13: 2. 프로젝트 코드 기본정보 | G13: 1) Project code
... A51: Range_Header_12 | B51: ='D_2606 budget template'!$V$21 | C51: {=INDIRECT(A51)} -> 46082 | D51: {=INDIRECT(SUBSTITUTE(B51,"=",""))} -> 46082 | E51: =C51=D51 -> TRUE | F51: Header | G51: HeaderDatevalue12

Sheet DB_cList
B1: 비금융 | G1: 금융 | L1: 업무개시연월
B3: 분반기 검토 | D3: 분반기 검토 | E3: 분반기 검토 | G3: 분반기 검토 | I3: 분반기 검토 | J3: 분반기 검토 | K3: =_xlfn.XLOOKUP(J3,Tbl_Budget[Budget 관리단위],Tbl_Budget[Budget 관리단위]) -> 분반기 검토 | L3: 45658
B4: 계획단계 | D4: 계획단계 | E4: 계획단계 | G4: 계획단계 | I4: 계획단계 | J4: 계획단계 | K4: =_xlfn.XLOOKUP(J4,Tbl_Budget[Budget 관리단위],Tbl_Budget[Budget 관리단위]) -> 계획단계 | L4: =EDATE(L3,1) -> 45689
B5: 재무제표 수준 위험 | D5: 계획단계 | E5: 초도감사 | G5: 재무제표 수준 위험 | I5: 계획단계 | J5: 초도감사 | K5: =_xlfn.XLOOKUP(J5,Tbl_Budget[Budget 관리단위],Tbl_Budget[Budget 관리단위]) -> 초도감사 | L5: =EDATE(L4,1) -> 45717
B6: 자산 | D6: 재무제표 수준 위험 | E6: 부정위험 | G6: 자산 | I6: 재무제표 수준 위험 | J6: 부정위험 | K6: =_xlfn.XLOOKUP(J6,Tbl_Budget[Budget 관리단위],Tbl_Budget[Budget 관리단위]) -> 부정위험 | L6: =EDATE(L5,1) -> 45748
B7: 부채 및 자본 | D7: 재무제표 수준 위험 | E7: 계속기업 | G7: 부채 및 자본 | I7: 재무제표 수준 위험 | J7: 계속기업 | K7: =_xlfn.XLOOKUP(J7,Tbl_Budget[Budget 관리단위],Tbl_Budget[Budget 관리단위]) -> 계속기업 | L7: =EDATE(L6,1) -> 45778
B8: 수익/비용 | D8: 재무제표 수준 위험 | E8: 기타(특수관계자/법률 및 규정) | G8: 수익/비용 | I8: 재무제표 수준 위험 | J8: 기타(특수관계자/법률 및 규정) | K8: =_xlfn.XLOOKUP(J8,Tbl_Budget[Budget 관리단위],Tbl_Budget[Budget 관리단위]) -> 기타(특수관계자/법률 및 규정) | L8: =EDATE(L7,1) -> 45809
B9: 종결단계 | D9: 자산 | E9: 현금및현금성자산-일반 | G9: 종결단계 | I9: 자산 | J9: 현금및현금성자산-일반 | K9: =_xlfn.XLOOKUP(J9,Tbl_Budget[Budget 관리단위],Tbl_Budget[Budget 관리단위]) -> 현금및현금성자산-일반 | L9: =EDATE(L8,1) -> 45839
B10: 연결 | D10: 자산 | E10: 현금및현금성자산-조회 | G10: 연결 | I10: 자산 | J10: 현금및현금성자산-조회 | K10: =_xlfn.XLOOKUP(J10,Tbl_Budget[Budget 관리단위],Tbl_Budget[Budget 관리단위]) -> 현금및현금성자산-조회 | L10: =EDATE(L9,1) -> 45870
B11: 내부통제 | D11: 자산 | E11: 채무 및 지분증권-일반 | G11: 내부통제 | I11: 자산 | J11: 채무 및 지분증권-일반 | K11: =_xlfn.XLOOKUP(J11,Tbl_Budget[Budget 관리단위],Tbl_Budget[Budget 관리단위]) -> 채무 및 지분증권-일반 | L11: =EDATE(L10,1) -> 45901
B12: IT 감사-RA | D12: 자산 | E12: 채무 및 지분증권-공정가치평가 | G12: KICS | I12: 자산 | J12: 채무 및 지분증권-공정가치평가 | K12: =_xlfn.XLOOKUP(J12,Tbl_Budget[Budget 관리단위],Tbl_Budget[Budget 관리단위]) -> 채무 및 지분증권-공정가치평가 | L12: =EDATE(L11,1) -> 45931
D13: 자산 | E13: 파생상품 | G13: IT 감사-RA | I13: 자산 | J13: 파생상품 | K13: =_xlfn.XLOOKUP(J13,Tbl_Budget[Budget 관리단위],Tbl_Budget[Budget 관리단위]) -> 파생상품 | L13: =EDATE(L12,1) -> 45962
D14: 자산 | E14: 매출채권-일반 | I14: 자산 | J14: 매출채권-일반 | K14: =_xlfn.XLOOKUP(J14,Tbl_Budget[Budget 관리단위],Tbl_Budget[Budget 관리단위]) -> 매출채권-일반 | L14: =EDATE(L13,1) -> 45992
D15: 자산 | E15: 매출채권-조회 | I15: 자산 | J15: 매출채권-조회 | K15: =_xlfn.XLOOKUP(J15,Tbl_Budget[Budget 관리단위],Tbl_Budget[Budget 관리단위]) -> 매출채권-조회 | L15: =EDATE(L14,1) -> 46023
D16: 자산 | E16: 고객 반품, 할인 및 충당금 | I16: 자산 | J16: 대출채권-일반 | K16: =_xlfn.XLOOKUP(J16,Tbl_Budget[Budget 관리단위],Tbl_Budget[Budget 관리단위]) -> #N/A | L16: =EDATE(L15,1) -> 46054
D17: 자산 | E17: 재고자산-일반 | I17: 자산 | J17: 대출채권-조회 및 약정서 확인 | K17: =_xlfn.XLOOKUP(J17,Tbl_Budget[Budget 관리단위],Tbl_Budget[Budget 관리단위]) -> #N/A | L17: =EDATE(L16,1) -> 46082
D18: 자산 | E18: 재고자산-실사입회및문서화 | I18: 자산 | J18: 대출채권 대손충당금 - 일반 | K18: =_xlfn.XLOOKUP(J18,Tbl_Budget[Budget 관리단위],Tbl_Budget[Budget 관리단위]) -> #N/A | L18: =EDATE(L17,1) -> 46113
D19: 자산 | E19: 건설계약 | I19: 자산 | J19: 대출채권 대손충당금 - Risk Component 검증 | K19: =_xlfn.XLOOKUP(J19,Tbl_Budget[Budget 관리단위],Tbl_Budget[Budget 관리단위]) -> #N/A | L19: =EDATE(L18,1) -> 46143
D20: 자산 | E20: 기타자산 | I20: 자산 | J20: 대출채권 대손충당금 - Forward Looking 검증 | K20: =_xlfn.XLOOKUP(J20,Tbl_Budget[Budget 관리단위],Tbl_Budget[Budget 관리단위]) -> #N/A
D21: 자산 | E21: 유/무형자산/투자부동산-일반 | I21: 자산 | J21: 고객 반품, 할인 및 충당금 | K21: =_xlfn.XLOOKUP(J21,Tbl_Budget[Budget 관리단위],Tbl_Budget[Budget 관리단위]) -> 고객 반품, 할인 및 충당금
D22: 자산 | E22: 유/무형자산/투자부동산-취득처분 | I22: 자산 | J22: 재고자산-일반 | K22: =_xlfn.XLOOKUP(J22,Tbl_Budget[Budget 관리단위],Tbl_Budget[Budget 관리단위]) -> 재고자산-일반
D23: 자산 | E23: 종속기업 등에 대한 투자자산-일반 | I23: 자산 | J23: 재고자산-실사입회및문서화 | K23: =_xlfn.XLOOKUP(J23,Tbl_Budget[Budget 관리단위],Tbl_Budget[Budget 관리단위]) -> 재고자산-실사입회및문서화
D24: 자산 | E24: 종속기업 등에 대한 투자자산-손상검토 | I24: 자산 | J24: 건설계약 | K24: =_xlfn.XLOOKUP(J24,Tbl_Budget[Budget 관리단위],Tbl_Budget[Budget 관리단위]) -> 건설계약
D25: 자산 | E25: 영업권-일반 | I25: 자산 | J25: 기타자산 | K25: =_xlfn.XLOOKUP(J25,Tbl_Budget[Budget 관리단위],Tbl_Budget[Budget 관리단위]) -> 기타자산
D26: 자산 | E26: 영업권-PPA | I26: 자산 | J26: 유/무형자산/투자부동산-일반 | K26: =_xlfn.XLOOKUP(J26,Tbl_Budget[Budget 관리단위],Tbl_Budget[Budget 관리단위]) -> 유/무형자산/투자부동산-일반
D27: 자산 | E27: 영업권-손상검토 | I27: 자산 | J27: 유/무형자산/투자부동산-취득처분 | K27: =_xlfn.XLOOKUP(J27,Tbl_Budget[Budget 관리단위],Tbl_Budget[Budget 관리단위]) -> 유/무형자산/투자부동산-취득처분
D28: 자산 | E28: 자산 - 기타 | I28: 자산 | J28: 종속기업 등에 대한 투자자산-일반 | K28: =_xlfn.XLOOKUP(J28,Tbl_Budget[Budget 관리단위],Tbl_Budget[Budget 관리단위]) -> 종속기업 등에 대한 투자자산-일반
D29: 부채 및 자본 | E29: 매입채무-일반 | I29: 자산 | J29: 종속기업 등에 대한 투자자산-손상검토 | K29: =_xlfn.XLOOKUP(J29,Tbl_Budget[Budget 관리단위],Tbl_Budget[Budget 관리단위]) -> 종속기업 등에 대한 투자자산-손상검토
D30: 부채 및 자본 | E30: 매입채무-조회 | I30: 자산 | J30: 영업권-일반 | K30: =_xlfn.XLOOKUP(J30,Tbl_Budget[Budget 관리단위],Tbl_Budget[Budget 관리단위]) -> 영업권-일반
D31: 부채 및 자본 | E31: 특수관계자/내부거래 | I31: 자산 | J31: 영업권-PPA | K31: =_xlfn.XLOOKUP(J31,Tbl_Budget[Budget 관리단위],Tbl_Budget[Budget 관리단위]) -> 영업권-PPA
... D87: IT 감사-RA | E87: IT 감사-RA | I87: 내부통제 | J87: 설계평가-내부통제-연결 | K87: =_xlfn.XLOOKUP(J87,Tbl_Budget[Budget 관리단위],Tbl_Budget[Budget 관리단위]) -> 설계평가-내부통제-연결
I88: 내부통제 | J88: 설계평가-내부통제-기타프로세스 | K88: =_xlfn.XLOOKUP(J88,Tbl_Budget[Budget 관리단위],Tbl_Budget[Budget 관리단위]) -> 설계평가-내부통제-기타프로세스
I89: 내부통제 | J89: (금융)설계평가-내부통제-유가증권 | K89: =_xlfn.XLOOKUP(J89,Tbl_Budget[Budget 관리단위],Tbl_Budget[Budget 관리단위]) -> #N/A
I90: 내부통제 | J90: (금융)설계평가-내부통제-파생상품 | K90: =_xlfn.XLOOKUP(J90,Tbl_Budget[Budget 관리단위],Tbl_Budget[Budget 관리단위]) -> #N/A
I91: 내부통제 | J91: (금융)설계평가-내부통제-대출채권 | K91: =_xlfn.XLOOKUP(J91,Tbl_Budget[Budget 관리단위],Tbl_Budget[Budget 관리단위]) -> #N/A
I92: 내부통제 | J92: (금융)설계평가-내부통제-대출채권 대손충당금 | K92: =_xlfn.XLOOKUP(J92,Tbl_Budget[Budget 관리단위],Tbl_Budget[Budget 관리단위]) -> #N/A
I93: 내부통제 | J93: (금융)설계평가-내부통제-예수부채 | K93: =_xlfn.XLOOKUP(J93,Tbl_Budget[Budget 관리단위],Tbl_Budget[Budget 관리단위]) -> #N/A
I94: 내부통제 | J94: (금융)설계평가-내부통제-보험계약부채(IFRS17) | K94: =_xlfn.XLOOKUP(J94,Tbl_Budget[Budget 관리단위],Tbl_Budget[Budget 관리단위]) -> #N/A
I95: 내부통제 | J95: (금융)설계평가-내부통제-재보험계약자산(IFRS17) | K95: =_xlfn.XLOOKUP(J95,Tbl_Budget[Budget 관리단위],Tbl_Budget[Budget 관리단위]) -> #N/A
I96: 내부통제 | J96: (금융)설계평가-내부통제-보험료/보험금/사업비 등 | K96: =_xlfn.XLOOKUP(J96,Tbl_Budget[Budget 관리단위],Tbl_Budget[Budget 관리단위]) -> #N/A
I97: 내부통제 | J97: 운영평가-내부통제-ELC | K97: =_xlfn.XLOOKUP(J97,Tbl_Budget[Budget 관리단위],Tbl_Budget[Budget 관리단위]) -> 운영평가-내부통제-ELC
I98: 내부통제 | J98: 운영평가-내부통제-ITGC | K98: =_xlfn.XLOOKUP(J98,Tbl_Budget[Budget 관리단위],Tbl_Budget[Budget 관리단위]) -> 운영평가-내부통제-ITGC
I99: 내부통제 | J99: 운영평가-내부통제-재무보고(FR) | K99: =_xlfn.XLOOKUP(J99,Tbl_Budget[Budget 관리단위],Tbl_Budget[Budget 관리단위]) -> 운영평가-내부통제-재무보고(FR)
... I117: KICS | J117: KICS - 지급여력기준금액 | K117: =_xlfn.XLOOKUP(J117,Tbl_Budget[Budget 관리단위],Tbl_Budget[Budget 관리단위]) -> #N/A
I118: IT 감사-RA | J118: IT 감사-RA

Sheet DB_tStat
A1: No | B1: 분류1 | C1: 분류2 | D1: 분류3 | E1: 분류4 | F1: 분반기 검토 | G1: 계획단계 | H1: 부정위험 | I1: 계속기업 | J1: 초도감사 | K1: 현금및현금성자산-일반 | L1: 현금및현금성자산-조회 | M1: 채무 및 지분증권-일반 | N1: 채무 및 지분증권-공정가치평가 | O1: 파생상품 | P1: 매출채권-일반 | Q1: 매출채권-조회 | R1: 고객 반품, 할인 및 충당금 | S1: 재고자산-일반 | T1: 재고자산-실사입회및문서화 | U1: 건설계약 | V1: 기타자산 | W1: 유/무형자산/투자부동산-일반 | X1: 유/무형자산/투자부동산-취득처분 | Y1: 종속기업 등에 대한 투자자산-일반 | Z1: 종속기업 등에 대한 투자자산-손상검토 | AA1: 영업권-일반 | AB1: 영업권-PPA | AC1: 영업권-손상검토 | AD1: 자산 - 기타 | AE1: 매입채무-일반 | AF1: 매입채무-조회 | AG1: 특수관계자/내부거래 | AH1: 기타부채 및 충당부채-일반 | AI1: 기타부채 및 충당부채-부외부채/우발부채검토 | AJ1: 법인세 | AK1: 차입금/복합금융상품-일반 | AL1: 차입금/복합금융상품-약정사항 검토 | AM1: 이연수익 | AN1: 리스 | AO1: 퇴직급여/장기종업원급여 | AP1: 부채 - 기타 | AQ1: 자본금 및 기타 자본 계정 | AR1: 매출(IIFRS15/K-GAAP)-일반 | AS1: 매출(IIFRS15/K-GAAP)-발생사실테스트 | AT1: 매출(IIFRS15/K-GAAP)-Cut-off테스트 | AU1: 기타 영업수익 | AV1: 매출원가-일반 | AW1: 매출원가-증빙테스트 | AX1: 영업비용 | AY1: 인건비 | AZ1: 영업외손익 | BA1: 주식기준보상비용-일반 | BB1: 비용 - 기타 | BC1: 종결단계 | BD1: 주석검토-별도 | BE1: 주석검토-연결 | BF1: 기말감사 - 별도CF | BG1: 기말감사 - 연결일반 | BH1: 기말감사 - 연결GA/CA | BI1: 기말감사 - 연결법인세 | BJ1: 기말감사 - 연결CF | BK1: 설계평가-내부통제-기타프로세스 | BL1: 설계평가-내부통제-ELC | BM1: 설계평가-내부통제-재무보고(FR) | BN1: 설계평가-내부통제-자금 | BO1: 설계평가-내부통제-매출/매출채권 | BP1: 설계평가-내부통제-재고/원가 | BQ1: 설계평가-내부통제-매입/매입채무 | BR1: 설계평가-내부통제-급여/퇴직급여 | BS1: 설계평가-내부통제-유/무형자산/투자부동산 | BT1: 설계평가-내부통제-연결 | BU1: 설계평가-내부통제-ITGC | BV1: 내부통제-계획/종결 | BW1: 운영평가-내부통제-ELC | BX1: 운영평가-내부통제-재무보고(FR) | BY1: 운영평가-내부통제-자금 | BZ1: 운영평가-내부통제-매출/매출채권 | CA1: 운영평가-내부통제-재고/원가 | CB1: 운영평가-내부통제-매입/매입채무 | CC1: 운영평가-내부통제-급여/퇴직급여 | CD1: 운영평가-내부통제-유/무형자산/투자부동산 | CE1: 운영평가-내부통제-연결 | CF1: 운영평가-내부통제-ITGC | CG1: 운영평가-내부통제-기타프로세스 | CH1: 대출채권-일반 | CI1: 대출채권-조회 및 약정서 확인 | CJ1: 대출채권 대손충당금 - 일반 | CK1: 대출채권 대손충당금 - Risk Component 검증 | CL1: 대출채권 대손충당금 - Forward Looking 검증 | CM1: 재보험계약자산-일반 | CN1: 재보험계약자산-결산 | CO1: 예수부채 | CP1: 보험계약부채-일반 | CQ1: 보험계약부채-결산 | CR1: (금융)수수료 수익/비용 | CS1: (금융)설계평가-내부통제-유가증권 | CT1: (금융)설계평가-내부통제-파생상품 | CU1: (금융)설계평가-내부통제-대출채권 | CV1: (금융)설계평가-내부통제-대출채권 대손충당금 | CW1: (금융)설계평가-내부통제-예수부채 | CX1: (금융)설계평가-내부통제-보험계약부채(IFRS17) | CY1: (금융)설계평가-내부통제-재보험계약자산(IFRS17) | CZ1: (금융)설계평가-내부통제-보험료/보험금/사업비 등 | DA1: (금융)운영평가-내부통제-유가증권 | DB1: (금융)운영평가-내부통제-파생상품 | DC1: (금융)운영평가-내부통제-대출채권 | DD1: (금융)운영평가-내부통제-대출채권 대손충당금 | DE1: (금융)운영평가-내부통제-예수부채 | DF1: (금융)운영평가-내부통제-보험계약부채(IFRS17) | DG1: (금융)운영평가-내부통제-재보험계약자산(IFRS17) | DH1: (금융)운영평가-내부통제-보험료/보험금/사업비 등 | DI1: 최소영업자본액 검토 | DJ1: 순영업자본비율(NCR) 검토 | DK1: KICS - 일반 | DL1: KICS - 지급여력기준금액 | DM1: 차입금/복합금융상품-공정가치평가 | DN1: 외국어 보고서 | DO1: 내부회계검토 | DP1: 기타(특수관계자/법률 및 규정) | DQ1: 검증
A2: A1 | B2: ① 제조업 | C2: 5천억 미만.상장 | D2: ① 작성 | E2: ② 내부회계감사(별도) | F2: 0.18070499 | G2: 0.03854537 | H2: 0.011044246 | I2: 0.0025575732 | J2: 0.016866176 | K2: 0.0077485854 | L2: 0.013784581 | M2: 0.0053701525 | N2: 0.0090766262 | O2: 0.0080771894 | P2: 0.01114784 | Q2: 0.0091659989 | R2: 0.0050187463 | S2: 0.018172976 | T2: 0.020208329 | U2: 0.0014162417 | V2: 0.0062974876 | W2: 0.015101842 | X2: 0.0048955095 | Y2: 0.0055258068 | Z2: 0.016964262 | AA2: 0.00049082694 | AB2: 0.001485427 | AC2: 0.0082148538 | AD2: 0.0068367358 | AE2: 0.007434687 | AF2: 0.0040245088 | AG2: 0.0080206354 | AH2: 0.0060548713 | AI2: 0.0069571588 | AJ2: 0.029753142 | AK2: 0.0067347107 | AL2: 0.0056622448 | AM2: 0.0023810513 | AN2: 0.009667771 | AO2: 0.016103893 | AP2: 0.0040509858 | AQ2: 0.0048725232 | AR2: 0.014324641 | AS2: 0.016334066 | AT2: 0.0066889654 | AU2: 0.0017196714 | AV2: 0.0083564616 | AW2: 0.0083367521 | AX2: 0.0062453814 | AY2: 0.010616936 | AZ2: 0.0060624593 | BA2: 0.0018275885 | BB2: 0.001775541 | BC2: 0.012210174 | BD2: 0.025670449 | BE2: 0.022770408 | BF2: 0.0075508653 | BG2: 0.021549176 | BH2: 0.021366771 | BI2: 0.0063279867 | BJ2: 0.0071777059 | BK2: 0.0037698883 | BL2: 0.011765272 | BM2: 0.016470721 | BN2: 0.014335628 | BO2: 0.018845144 | BP2: 0.013347825 | BQ2: 0.0093701365 | BR2: 0.010120431 | BS2: 0.011362844 | BT2: 0.00027881096 | BU2: 0.01893754 | BV2: 0.0039001187 | BW2: 0.0058786741 | BX2: 0.016291734 | BY2: 0.012284845 | BZ2: 0.01559844 | CA2: 0.012942078 | CB2: 0.010156645 | CC2: 0.011046156 | CD2: 0.011283565 | CE2: 9.5065506e-05 | CF2: 0.025756126 | CG2: 0.0028137544 | CH2: 0 | CI2: 0 | CJ2: 0 | CK2: 0 | CL2: 0 | CM2: 0 | CN2: 0 | CO2: 0 | CP2: 0 | CQ2: 0 | CR2: 0 | CS2: 0 | CT2: 0 | CU2: 0 | CV2: 0 | CW2: 0 | CX2: 0 | CY2: 0 | CZ2: 0 | DA2: 0 | DB2: 0 | DC2: 0 | DD2: 0 | DE2: 0 | DF2: 0 | DG2: 0 | DH2: 0 | DI2: 0 | DJ2: 0 | DK2: 0 | DL2: 0 | DM2: 0 | DN2: 0 | DO2: 0 | DP2: 0 | DQ2: =SUM(F2:DP2) -> 1
A3: A2 | B3: ① 제조업 | C3: 5천억 미만.비상장 | D3: ② 미작성 | E3: ④ 의무없음 | F3: 0.0063741871 | G3: 0.064950415 | H3: 0.035046787 | I3: 0.0057346729 | J3: 0.0120336 | K3: 0.023931898 | L3: 0.035176743 | M3: 0.0023498504 | N3: 0.0010825686 | O3: 0.0064421088 | P3: 0.022828909 | Q3: 0.017815825 | R3: 0.0061813864 | S3: 0.051852499 | T3: 0.050656285 | U3: 0.00069118452 | V3: 0.015971363 | W3: 0.033940828 | X3: 0.016157995 | Y3: 0.0051135705 | Z3: 0.0015336651 | AA3: 0.00025583751 | AB3: 0.0001558725 | AC3: 0.00069975509 | AD3: 0.0065895234 | AE3: 0.019371561 | AF3: 0.01047752 | AG3: 0.027947721 | AH3: 0.014093978 | AI3: 0.016581213 | AJ3: 0.035269216 | AK3: 0.0087175624 | AL3: 0.0078035063 | AM3: 0.0021060484 | AN3: 0.013750165 | AO3: 0.023106986 | AP3: 0.0070903111 | AQ3: 0.012484656 | AR3: 0.037118638 | AS3: 0.046351586 | AT3: 0.01860848 | AU3: 0.0049945244 | AV3: 0.024744945 | AW3: 0.026940601 | AX3: 0.017242833 | AY3: 0.030754498 | AZ3: 0.011940364 | BA3: 0.0023693704 | BB3: 0.0039901524 | BC3: 0.036819323 | BD3: 0.081074826 | BE3: 0.00063828059 | BF3: 0.023154647 | BG3: 0.00042111173 | BH3: 0.0023541632 | BI3: 0 | BJ3: 0.00018716077 | BK3: 0 | BL3: 0.00031740268 | BM3: 0.00035941993 | BN3: 0.00017899494 | BO3: 0.0017961761 | BP3: 0.00058215356 | BQ3: 0.00049639763 | BR3: 0.00017899494 | BS3: 0 | BT3: 0 | BU3: 0 | BV3: 0.00012605174 | BW3: 0 | BX3: 0 | BY3: 0.00017899494 | BZ3: 0.00068664481 | CA3: 0.0009533854 | CB3: 0.0009533854 | CC3: 0.00017899494 | CD3: 0 | CE3: 0 | CF3: 0.00093972345 | CG3: 0 | CH3: 0 | CI3: 0 | CJ3: 0 | CK3: 0 | CL3: 0 | CM3: 0 | CN3: 0 | CO3: 0 | CP3: 0 | CQ3: 0 | CR3: 0 | CS3: 0 | CT3: 0 | CU3: 0 | CV3: 0 | CW3: 0 | CX3: 0 | CY3: 0 | CZ3: 0 | DA3: 0 | DB3: 0 | DC3: 0 | DD3: 0 | DE3: 0 | DF3: 0 | DG3: 0 | DH3: 0 | DI3: 0 | DJ3: 0 | DK3: 0 | DL3: 0 | DM3: 0 | DN3: 0 | DO3: 0 | DP3: 0 | DQ3: =SUM(F3:DP3) -> 1
A4: A3 | B4: ① 제조업 | C4: 5천억 이상.상장 | D4: ① 작성 | E4: ① 내부회계감사(연결) | F4: 0.28155934 | G4: 0.033378878 | H4: 0.0061151186 | I4: 0.0021281438 | J4: 0.003599885 | K4: 0.0056547997 | L4: 0.01243144 | M4: 0.0041633722 | N4: 0.0081019791 | O4: 0.0086792902 | P4: 0.0062767294 | Q4: 0.0050497613 | R4: 0.0031180106 | S4: 0.0098668981 | T4: 0.011458435 | U4: 0.0082023216 | V4: 0.0066076082 | W4: 0.0099974764 | X4: 0.0026912932 | Y4: 0.0056822153 | Z4: 0.01685581 | AA4: 0.0022188147 | AB4: 0.0025153539 | AC4: 0.0093291976 | AD4: 0.0055199112 | AE4: 0.005354523 | AF4: 0.0026627733 | AG4: 0.0079231356 | AH4: 0.0083074717 | AI4: 0.0077396931 | AJ4: 0.011682782 | AK4: 0.0064409949 | AL4: 0.0053806167 | AM4: 0.0022688164 | AN4: 0.0076018978 | AO4: 0.0074409658 | AP4: 0.003414156 | AQ4: 0.0026634416 | AR4: 0.015438311 | AS4: 0.01253652 | AT4: 0.0047486982 | AU4: 0.0020277895 | AV4: 0.0066305121 | AW4: 0.0068111517 | AX4: 0.0044179898 | AY4: 0.0061629397 | AZ4: 0.0055246527 | BA4: 0.00084736233 | BB4: 0.0021727189 | BC4: 0.011438279 | BD4: 0.017115614 | BE4: 0.022098343 | BF4: 0.0041467847 | BG4: 0.019451768 | BH4: 0.033370314 | BI4: 0.0046664669 | BJ4: 0.0054222385 | BK4: 0.010040803 | BL4: 0.0076570416 | BM4: 0.010180182 | BN4: 0.0094712875 | BO4: 0.013786218 | BP4: 0.010610998 | BQ4: 0.0069379418 | BR4: 0.0072406454 | BS4: 0.010191746 | BT4: 0.019557174 | BU4: 0.018947119 | BV4: 0.0077344368 | BW4: 0.005991848 | BX4: 0.011397973 | BY4: 0.012477032 | BZ4: 0.013086731 | CA4: 0.011215785 | CB4: 0.0065659829 | CC4: 0.0079164066 | CD4: 0.0099452304 | CE4: 0.023675292 | CF4: 0.02393971 | CG4: 0.0063206116 | CH4: 0 | CI4: 0 | CJ4: 0 | CK4: 0 | CL4: 0 | CM4: 0 | CN4: 0 | CO4: 0 | CP4: 0 | CQ4: 0 | CR4: 0 | CS4: 0 | CT4: 0 | CU4: 0 | CV4: 0 | CW4: 0 | CX4: 0 | CY4: 0 | CZ4: 0 | DA4: 0 | DB4: 0 | DC4: 0 | DD4: 0 | DE4: 0 | DF4: 0 | DG4: 0 | DH4: 0 | DI4: 0 | DJ4: 0 | DK4: 0 | DL4: 0 | DM4: 0 | DN4: 0 | DO4: 0 | DP4: 0 | DQ4: =SUM(F4:DP4) -> 1
A5: A4 | B5: ① 제조업 | C5: 5천억 이상.비상장 | D5: ② 미작성 | E5: ③ 내부회계검토 | F5: 0.049186992 | G5: 0.051035147 | H5: 0.023774329 | I5: 0.0065816114 | J5: 0.006504065 | K5: 0.016576098 | L5: 0.02664813 | M5: 0.006504065 | N5: 0 | O5: 0.0051519835 | P5: 0.019289057 | Q5: 0.017140569 | R5: 0.01236476 | S5: 0.036011451 | T5: 0.052871165 | U5: 0 | V5: 0.012861015 | W5: 0.039412122 | X5: 0.010232875 | Y5: 0 | Z5: 0 | AA5: 0 | AB5: 0 | AC5: 0.019680197 | AD5: 0.0025759918 | AE5: 0.012293669 | AF5: 0.01887528 | AG5: 0.02291932 | AH5: 0.011263272 | AI5: 0.018244114 | AJ5: 0.040601429 | AK5: 0.0051519835 | AL5: 0.0065816114 | AM5: 0 | AN5: 0.012171247 | AO5: 0.033554302 | AP5: 0.004520818 | AQ5: 0.0067424538 | AR5: 0.033180878 | AS5: 0.04999783 | AT5: 0.016481131 | AU5: 0.0042824292 | AV5: 0.021454147 | AW5: 0.023396098 | AX5: 0.0092024784 | AY5: 0.02046575 | AZ5: 0.010232875 | BA5: 0 | BB5: 0.0055512147 | BC5: 0.015149697 | BD5: 0.056780228 | BE5: 0 | BF5: 0.017213718 | BG5: 0 | BH5: 0 | BI5: 0 | BJ5: 0 | BK5: 0.00051519835 | BL5: 0.0034904213 | BM5: 0.0060664131 | BN5: 0.0065816114 | BO5: 0.0076120081 | BP5: 0.0065816114 | BQ5: 0.0065816114 | BR5: 0.0065816114 | BS5: 0.0065816114 | BT5: 0 | BU5: 0.0051519835 | BV5: 0.002975223 | BW5: 0.0034904213 | BX5: 0.0050360164 | BY5: 0.0065816114 | BZ5: 0.0065816114 | CA5: 0.0065816114 | CB5: 0.0065816114 | CC5: 0.0020607934 | CD5: 0.0065816114 | CE5: 0 | CF5: 0.0041215868 | CG5: 0.0029542227 | CH5: 0 | CI5: 0 | CJ5: 0 | CK5: 0 | CL5: 0 | CM5: 0 | CN5: 0 | CO5: 0 | CP5: 0 | CQ5: 0 | CR5: 0 | CS5: 0 | CT5: 0 | CU5: 0 | CV5: 0 | CW5: 0 | CX5: 0 | CY5: 0 | CZ5: 0 | DA5: 0 | DB5: 0 | DC5: 0 | DD5: 0 | DE5: 0 | DF5: 0 | DG5: 0 | DH5: 0 | DI5: 0 | DJ5: 0 | DK5: 0 | DL5: 0 | DM5: 0 | DN5: 0 | DO5: 0 | DP5: 0 | DQ5: =SUM(F5:DP5) -> 1
A6: A5 | B6: ① 제조업 | C6: 5천억 미만.비상장 | D6: ② 미작성 | E6: ③ 내부회계검토 | F6: 0.030781905 | G6: 0.052837583 | H6: 0.026463924 | I6: 0.0062622402 | J6: 0.0057404844 | K6: 0.015591573 | L6: 0.027496159 | M6: 0.0045975968 | N6: 0.0010414203 | O6: 0.009497485 | P6: 0.027113431 | Q6: 0.019297564 | R6: 0.0013422819 | S6: 0.060783188 | T6: 0.037140965 | U6: 0.0014836795 | V6: 0.0085940604 | W6: 0.025153617 | X6: 0.01164754 | Y6: 0.0036758467 | Z6: 0.0006800408 | AA6: 0 | AB6: 0 | AC6: 0.014257027 | AD6: 0.0075971509 | AE6: 0.019001278 | AF6: 0.0081977653 | AG6: 0.023446324 | AH6: 0.0085350171 | AI6: 0.011959274 | AJ6: 0.059872554 | AK6: 0.018014657 | AL6: 0.0079601003 | AM6: 0 | AN6: 0.028738229 | AO6: 0.022910197 | AP6: 0.0033329741 | AQ6: 0.0079801233 | AR6: 0.047058497 | AS6: 0.036580262 | AT6: 0.013185359 | AU6: 0.0038591365 | AV6: 0.015878565 | AW6: 0.020838786 | AX6: 0.015595277 | AY6: 0.026118921 | AZ6: 0.010319888 | BA6: 0 | BB6: 0.00091190779 | BC6: 0.022687667 | BD6: 0.044023903 | BE6: 0 | BF6: 0.024930245 | BG6: 0 | BH6: 0.005100306 | BI6: 0 | BJ6: 0 | BK6: 0.00022977941 | BL6: 0.0023139011 | BM6: 0.0056471807 | BN6: 0.0043753405 | BO6: 0.0057176223 | BP6: 0.0052250115 | BQ6: 0.0038827296 | BR6: 0.0032991227 | BS6: 0.0039222367 | BT6: 0 | BU6: 0.0093257722 | BV6: 0.0029022796 | BW6: 0.0021697385 | BX6: 0.0062951254 | BY6: 0.0043460676 | BZ6: 0.0056883495 | CA6: 0.0051957387 | CB6: 0.0038534568 | CC6: 0.0037839505 | CD6: 0.0037022828 | CE6: 0 | CF6: 0.012010336 | CG6: 0 | CH6: 0 | CI6: 0 | CJ6: 0 | CK6: 0 | CL6: 0 | CM6: 0 | CN6: 0 | CO6: 0 | CP6: 0 | CQ6: 0 | CR6: 0 | CS6: 0 | CT6: 0 | CU6: 0 | CV6: 0 | CW6: 0 | CX6: 0 | CY6: 0 | CZ6: 0 | DA6: 0 | DB6: 0 | DC6: 0 | DD6: 0 | DE6: 0 | DF6: 0 | DG6: 0 | DH6: 0 | DI6: 0 | DJ6: 0 | DK6: 0 | DL6: 0 | DM6: 0 | DN6: 0 | DO6: 0 | DP6: 0 | DQ6: =SUM(F6:DP6) -> 1
A7: A6 | B7: ① 제조업 | C7: 5천억 이상.상장 | D7: ① 작성 | E7: ② 내부회계감사(별도) | F7: 0.30913506 | G7: 0.023847245 | H7: 0.0072095923 | I7: 0.0010483228 | J7: 0 | K7: 0.0054655949 | L7: 0.012617348 | M7: 0.006039622 | N7: 0.006939712 | O7: 0.00093051942 | P7: 0.0084948271 | Q7: 0.010333731 | R7: 0.0014934159 | S7: 0.017072346 | T7: 0.015404733 | U7: 0 | V7: 0.0034083861 | W7: 0.01572964 | X7: 0.0044075629 | Y7: 0.0055851309 | Z7: 0.018371379 | AA7: 0.00035210407 | AB7: 0.00074119624 | AC7: 0.017103814 | AD7: 0.0030514949 | AE7: 0.0055164957 | AF7: 0.0048499481 | AG7: 0.0090287185 | AH7: 0.0059513064 | AI7: 0.0054523123 | AJ7: 0.023231042 | AK7: 0.0046294288 | AL7: 0.0047609799 | AM7: 0.0007716329 | AN7: 0.0092938732 | AO7: 0.01297831 | AP7: 0.0022577959 | AQ7: 0.00330835 | AR7: 0.01325828 | AS7: 0.019682778 | AT7: 0.0036173274 | AU7: 0.00052771215 | AV7: 0.0082924065 | AW7: 0.0079352706 | AX7: 0.0059427967 | AY7: 0.0067018291 | AZ7: 0.0044518021 | BA7: 0.0029711337 | BB7: 0.0011897945 | BC7: 0.014378791 | BD7: 0.021356721 | BE7: 0.021471437 | BF7: 0.0047085887 | BG7: 0.031281028 | BH7: 0.020346573 | BI7: 0.0037759767 | BJ7: 0.0051445256 | BK7: 0.003549661 | BL7: 0.0061949171 | BM7: 0.0093898053 | BN7: 0.010789659 | BO7: 0.011669335 | BP7: 0.0086243976 | BQ7: 0.0072535799 | BR7: 0.0066247465 | BS7: 0.0076346459 | BT7: 0.00024040723 | BU7: 0.028333527 | BV7: 0.0024661327 | BW7: 0.0041187292 | BX7: 0.012107886 | BY7: 0.010538295 | BZ7: 0.016202986 | CA7: 0.0087752451 | CB7: 0.0075831525 | CC7: 0.0076427326 | CD7: 0.012169832 | CE7: 0.00034904623 | CF7: 0.031181989 | CG7: 0.0027115507 | CH7: 0 | CI7: 0 | CJ7: 0 | CK7: 0 | CL7: 0 | CM7: 0 | CN7: 0 | CO7: 0 | CP7: 0 | CQ7: 0 | CR7: 0 | CS7: 0 | CT7: 0 | CU7: 0 | CV7: 0 | CW7: 0 | CX7: 0 | CY7: 0 | CZ7: 0 | DA7: 0 | DB7: 0 | DC7: 0 | DD7: 0 | DE7: 0 | DF7: 0 | DG7: 0 | DH7: 0 | DI7: 0 | DJ7: 0 | DK7: 0 | DL7: 0 | DM7: 0 | DN7: 0 | DO7: 0 | DP7: 0 | DQ7: =SUM(F7:DP7) -> 1
A8: A7 | B8: ① 제조업 | C8: 5천억 미만.상장 | D8: ① 작성 | E8: ③ 내부회계검토 | F8: 0.21339882 | G8: 0.054545614 | H8: 0.032620662 | I8: 0.010441269 | J8: 0.015449091 | K8: 0.0090820656 | L8: 0.015726188 | M8: 0.01109151 | N8: 0.0089810287 | O8: 0.011653665 | P8: 0.01295936 | Q8: 0.014185293 | R8: 0.0031865457 | S8: 0.035800101 | T8: 0.018978043 | U8: 0.00085986833 | V8: 0.0062906738 | W8: 0.016002397 | X8: 0.0078139396 | Y8: 0.0085713119 | Z8: 0.0085383317 | AA8: 0.0021677538 | AB8: 0.015520153 | AC8: 0.0049432496 | AD8: 0.0062908023 | AE8: 0.0081993838 | AF8: 0.0062743087 | AG8: 0.014092945 | AH8: 0.005359064 | AI8: 0.011543598 | AJ8: 0.0322678 | AK8: 0.005507298 | AL8: 0.0064784554 | AM8: 0.00085986833 | AN8: 0.01527623 | AO8: 0.0092713697 | AP8: 0.0062761038 | AQ8: 0.0088053135 | AR8: 0.024681601 | AS8: 0.033596477 | AT8: 0.010445675 | AU8: 0.0020687996 | AV8: 0.011360449 | AW8: 0.010266353 | AX8: 0.0095909685 | AY8: 0.014593407 | AZ8: 0.0088998197 | BA8: 0.0065296611 | BB8: 0.0032230166 | BC8: 0.016562219 | BD8: 0.031143428 | BE8: 0.028974696 | BF8: 0.010216857 | BG8: 0.027463186 | BH8: 0.026800878 | BI8: 0.0042456593 | BJ8: 0.0073946538 | BK8: 0.00075186774 | BL8: 0.0012825821 | BM8: 0.003127364 | BN8: 0.0014856598 | BO8: 0.0022096105 | BP8: 0.0022096105 | BQ8: 0.0012701689 | BR8: 0.0014856598 | BS8: 0.0014856598 | BT8: 0.00075845515 | BU8: 0.00032919541 | BV8: 0.0057463136 | BW8: 0.00083475267 | BX8: 0.0026600043 | BY8: 0.0017549569 | BZ8: 0.0016580162 | CA8: 0.0013089532 | CB8: 0.0011773829 | CC8: 0.0016040932 | CD8: 0.0022075479 | CE8: 0.00087700528 | CF8: 0.00035411939 | CG8: 5.3741771e-05 | CH8: 0 | CI8: 0 | CJ8: 0 | CK8: 0 | CL8: 0 | CM8: 0 | CN8: 0 | CO8: 0 | CP8: 0 | CQ8: 0 | CR8: 0 | CS8: 0 | CT8: 0 | CU8: 0 | CV8: 0 | CW8: 0 | CX8: 0 | CY8: 0 | CZ8: 0 | DA8: 0 | DB8: 0 | DC8: 0 | DD8: 0 | DE8: 0 | DF8: 0 | DG8: 0 | DH8: 0 | DI8: 0 | DJ8: 0 | DK8: 0 | DL8: 0 | DM8: 0 | DN8: 0 | DO8: 0 | DP8: 0 | DQ8: =SUM(F8:DP8) -> 1
A9: A8 | B9: ① 제조업 | C9: 5천억 미만.상장 | D9: ② 미작성 | E9: ③ 내부회계검토 | F9: 0.18450923 | G9: 0.078308906 | H9: 0.023207686 | I9: 0.014896787 | J9: 0.014810134 | K9: 0.02292356 | L9: 0.018912607 | M9: 0.0067727267 | N9: 0.0045865361 | O9: 0.013245033 | P9: 0.013972056 | Q9: 0.013657073 | R9: 0.0035762181 | S9: 0.044333622 | T9: 0.022913083 | U9: 0 | V9: 0.0095866587 | W9: 0.021668287 | X9: 0.0084840852 | Y9: 0 | Z9: 0.014164693 | AA9: 0 | AB9: 0 | AC9: 0 | AD9: 0.0050807319 | AE9: 0.0092116512 | AF9: 0.0078384532 | AG9: 0.010031473 | AH9: 0.0065568277 | AI9: 0.012150391 | AJ9: 0.031400658 | AK9: 0.0087563552 | AL9: 0.012001925 | AM9: 0.0071524363 | AN9: 0.020605795 | AO9: 0.010173431 | AP9: 0.015702819 | AQ9: 0.0093264295 | AR9: 0.034813915 | AS9: 0.041183101 | AT9: 0.0077328608 | AU9: 0.00089405454 | AV9: 0.021603664 | AW9: 0.017960013 | AX9: 0.012532486 | AY9: 0.015386643 | AZ9: 0.0096175654 | BA9: 0.0091677737 | BB9: 0.0013410818 | BC9: 0.02755313 | BD9: 0.046940779 | BE9: 0 | BF9: 0.0049078671 | BG9: 0 | BH9: 0.00054654764 | BI9: 0 | BJ9: 0 | BK9: 0 | BL9: 0.0034230151 | BM9: 0.0012048521 | BN9: 0.00047612191 | BO9: 0.0056467808 | BP9: 0.0012543943 | BQ9: 0.000840487 | BR9: 0.00047612191 | BS9: 0.00047612191 | BT9: 0 | BU9: 0.010678345 | BV9: 0.0061464356 | BW9: 0.0033112583 | BX9: 0.0015692172 | BY9: 0.000840487 | BZ9: 0.0046796574 | CA9: 0.0015692172 | CB9: 0.0015692172 | CC9: 0.0015692172 | CD9: 0.0015692172 | CE9: 0 | CF9: 0 | CG9: 0 | CH9: 0 | CI9: 0 | CJ9: 0 | CK9: 0 | CL9: 0 | CM9: 0 | CN9: 0 | CO9: 0 | CP9: 0 | CQ9: 0 | CR9: 0 | CS9: 0 | CT9: 0 | CU9: 0 | CV9: 0 | CW9: 0 | CX9: 0 | CY9: 0 | CZ9: 0 | DA9: 0 | DB9: 0 | DC9: 0 | DD9: 0 | DE9: 0 | DF9: 0 | DG9: 0 | DH9: 0 | DI9: 0 | DJ9: 0 | DK9: 0 | DL9: 0 | DM9: 0 | DN9: 0 | DO9: 0 | DP9: 0 | DQ9: =SUM(F9:DP9) -> 1
A10: A9 | B10: ① 제조업 | C10: 5천억 미만.비상장 | D10: ① 작성 | E10: ③ 내부회계검토 | F10: 0 | G10: 0.020792195 | H10: 0.021662096 | I10: 0.022823648 | J10: 0 | K10: 0.018760742 | L10: 0.043709693 | M10: 0.0034812881 | N10: 0 | O10: 0 | P10: 0.015279454 | Q10: 0.015859388 | R10: 0.006382642 | S10: 0.042938692 | T10: 0.025723318 | U10: 0 | V10: 0.0069625762 | W10: 0.016633756 | X10: 0.008994029 | Y10: 0.0054155241 | Z10: 0.001740644 | AA10: 0 | AB10: 0 | AC10: 0 | AD10: 0.016633756 | AE10: 0.015763013 | AF10: 0.0069625762 | AG10: 0.010831048 | AH10: 0.01469952 | AI10: 0.0054155241 | AJ10: 0.030558908 | AK10: 0.032685895 | AL10: 0.011798166 | AM10: 0.01934236 | AN10: 0.0066730299 | AO10: 0.010831048 | AP10: 0.016633756 | AQ10: 0.022920023 | AR10: 0.040230088 | AS10: 0.030558908 | AT10: 0.010251114 | AU10: 0.0034812881 | AV10: 0.038103102 | AW10: 0.018760742 | AX10: 0.016633756 | AY10: 0.023596332 | AZ10: 0.008316878 | BA10: 0.037234043 | BB10: 0.0034812881 | BC10: 0.022532839 | BD10: 0.045065678 | BE10: 0.038103102 | BF10: 0.010831048 | BG10: 0.0123781 | BH10: 0.015859388 | BI10: 0.0054155241 | BJ10: 0.0123781 | BK10: 0 | BL10: 0.0066730299 | BM10: 0.0080850727 | BN10: 0.0042166008 | BO10: 0.019690489 | BP10: 0.019690489 | BQ10: 0.0032494828 | BR10: 0.001934236 | BS10: 0.001934236 | BT10: 0 | BU10: 0 | BV10: 0.007011395 | BW10: 0.004641998 | BX10: 0.006576234 | BY10: 0.00367488 | BZ10: 0.005609116 | CA10: 0.005609116 | CB10: 0.00367488 | CC10: 0.001934236 | CD10: 0.00367488 | CE10: 0 | CF10: 0 | CG10: 0 | CH10: 0 | CI10: 0 | CJ10: 0 | CK10: 0 | CL10: 0 | CM10: 0 | CN10: 0 | CO10: 0 | CP10: 0 | CQ10: 0 | CR10: 0 | CS10: 0 | CT10: 0 | CU10: 0 | CV10: 0 | CW10: 0 | CX10: 0 | CY10: 0 | CZ10: 0 | DA10: 0 | DB10: 0 | DC10: 0 | DD10: 0 | DE10: 0 | DF10: 0 | DG10: 0 | DH10: 0 | DI10: 0 | DJ10: 0 | DK10: 0 | DL10: 0 | DM10: 0 | DN10: 0 | DO10: 0 | DP10: 0 | DQ10: =SUM(F10:DP10) -> 1
A11: A10 | B11: ① 제조업 | C11: 5천억 미만.비상장 | D11: ① 작성 | E11: ④ 의무없음 | F11: 0.047418676 | G11: 0.093612525 | H11: 0.026253049 | I11: 0.0027828323 | J11: 0.012849617 | K11: 0.010352918 | L11: 0.027830822 | M11: 0.0043641161 | N11: 0.0027562191 | O11: 0.0056750258 | P11: 0.015316846 | Q11: 0.018692008 | R11: 0.0071690688 | S11: 0.035830552 | T11: 0.033635898 | U11: 0.010733609 | V11: 0.0086615405 | W11: 0.023412562 | X11: 0.0054960818 | Y11: 0.013082152 | Z11: 0.0045327448 | AA11: 0.001718173 | AB11: 0.0016215668 | AC11: 0.0032709313 | AD11: 0.0044503339 | AE11: 0.011290175 | AF11: 0.0089327598 | AG11: 0.016333675 | AH11: 0.010431571 | AI11: 0.011060227 | AJ11: 0.031246531 | AK11: 0.0041831593 | AL11: 0.005698921 | AM11: 0.0035027211 | AN11: 0.021363931 | AO11: 0.020057355 | AP11: 0.0094103203 | AQ11: 0.010433459 | AR11: 0.040836992 | AS11: 0.031754809 | AT11: 0.01296587 | AU11: 0.0024332546 | AV11: 0.018170747 | AW11: 0.020438436 | AX11: 0.011648206 | AY11: 0.028576269 | AZ11: 0.012105983 | BA11: 0.004409402 | BB11: 0.003151667 | BC11: 0.026066492 | BD11: 0.052392435 | BE11: 0.036924749 | BF11: 0.017550758 | BG11: 0.029661326 | BH11: 0.017797194 | BI11: 0.0082882486 | BJ11: 0.012542026 | BK11: 0 | BL11: 0.00056095081 | BM11: 0.001402377 | BN11: 0.00028047541 | BO11: 0.00056095081 | BP11: 0.00056095081 | BQ11: 0.00056095081 | BR11: 0.00077130737 | BS11: 0.00073624794 | BT11: 0.00028047541 | BU11: 0.0094660449 | BV11: 0 | BW11: 0 | BX11: 0.00028047541 | BY11: 0 | BZ11: 0.00028047541 | CA11: 0 | CB11: 0.00028047541 | CC11: 0 | CD11: 0 | CE11: 0 | CF11: 0.010798303 | CG11: 0 | CH11: 0 | CI11: 0 | CJ11: 0 | CK11: 0 | CL11: 0 | CM11: 0 | CN11: 0 | CO11: 0 | CP11: 0 | CQ11: 0 | CR11: 0 | CS11: 0 | CT11: 0 | CU11: 0 | CV11: 0 | CW11: 0 | CX11: 0 | CY11: 0 | CZ11: 0 | DA11: 0 | DB11: 0 | DC11: 0 | DD11: 0 | DE11: 0 | DF11: 0 | DG11: 0 | DH11: 0 | DI11: 0 | DJ11: 0 | DK11: 0 | DL11: 0 | DM11: 0 | DN11: 0 | DO11: 0 | DP11: 0 | DQ11: =SUM(F11:DP11) -> 1
A12: A11 | B12: ① 제조업 | C12: 5천억 이상.비상장 | D12: ② 미작성 | E12: ④ 의무없음 | F12: 0.079733164 | G12: 0.064214525 | H12: 0.02633688 | I12: 0 | J12: 0 | K12: 0.019098659 | L12: 0.032476932 | M12: 0.0038119441 | N12: 0 | O12: 0 | P12: 0.014226516 | Q12: 0.020049996 | R12: 0.001270648 | S12: 0.056755497 | T12: 0.053786006 | U12: 0 | V12: 0.016005424 | W12: 0.027330566 | X12: 0.015782843 | Y12: 0.01270648 | Z12: 0 | AA12: 0 | AB12: 0 | AC12: 0 | AD12: 0 | AE12: 0.014439088 | AF12: 0.024617041 | AG12: 0.023597378 | AH12: 0.011872201 | AI12: 0.014515377 | AJ12: 0.031399861 | AK12: 0.0030791381 | AL12: 0.0019015274 | AM12: 0 | AN12: 0.01650165 | AO12: 0.017326616 | AP12: 0.0086115588 | AQ12: 0.013182807 | AR12: 0.038645236 | AS12: 0.048275665 | AT12: 0.017457885 | AU12: 0.001270648 | AV12: 0.027990748 | AW12: 0.034269166 | AX12: 0.021094342 | AY12: 0.034908751 | AZ12: 0.019453569 | BA12: 0.0033500838 | BB12: 0 | BC12: 0.036913112 | BD12: 0.038173441 | BE12: 0 | BF12: 0.020577462 | BG12: 0 | BH12: 0 | BI12: 0 | BJ12: 0 | BK12: 0 | BL12: 0 | BM12: 0 | BN12: 0 | BO12: 0.0069767442 | BP12: 0.0069767442 | BQ12: 0 | BR12: 0 | BS12: 0 | BT12: 0 | BU12: 0 | BV12: 0 | BW12: 0 | BX12: 0 | BY12: 0 | BZ12: 0.0095180402 | CA12: 0.0069767442 | CB12: 0 | CC12: 0 | CD12: 0 | CE12: 0 | CF12: 0.0025412961 | CG12: 0 | CH12: 0 | CI12: 0 | CJ12: 0 | CK12: 0 | CL12: 0 | CM12: 0 | CN12: 0 | CO12: 0 | CP12: 0 | CQ12: 0 | CR12: 0 | CS12: 0 | CT12: 0 | CU12: 0 | CV12: 0 | CW12: 0 | CX12: 0 | CY12: 0 | CZ12: 0 | DA12: 0 | DB12: 0 | DC12: 0 | DD12: 0 | DE12: 0 | DF12: 0 | DG12: 0 | DH12: 0 | DI12: 0 | DJ12: 0 | DK12: 0 | DL12: 0 | DM12: 0 | DN12: 0 | DO12: 0 | DP12: 0 | DQ12: =SUM(F12:DP12) -> 1
A13: A12 | B13: ① 제조업 | C13: 5천억 이상.비상장 | D13: ① 작성 | E13: ③ 내부회계검토 | F13: 0.041844701 | G13: 0.074170576 | H13: 0.023555631 | I13: 0.0010542942 | J13: 0.0073817762 | K13: 0.010826717 | L13: 0.021992841 | M13: 0.013952911 | N13: 0.010367156 | O13: 0.0057846285 | P13: 0.012427335 | Q13: 0.012308677 | R13: 0.0076385653 | S13: 0.027279863 | T13: 0.02254538 | U13: 0 | V13: 0.015003159 | W13: 0.016924367 | X13: 0.0060006199 | Y13: 0.0043060922 | Z13: 0.0042605917 | AA13: 0.0026856677 | AB13: 0.012320329 | AC13: 0.013384182 | AD13: 0.0032854209 | AE13: 0.0095857779 | AF13: 0.010489507 | AG13: 0.015182062 | AH13: 0.013992922 | AI13: 0.009526631 | AJ13: 0.028778305 | AK13: 0.0071367891 | AL13: 0.007415629 | AM13: 0.00020533881 | AN13: 0.011522537 | AO13: 0.013741793 | AP13: 0.0039816756 | AQ13: 0.007156092 | AR13: 0.016593404 | AS13: 0.028652993 | AT13: 0.010736218 | AU13: 0.0016778523 | AV13: 0.012906909 | AW13: 0.012531935 | AX13: 0.011411963 | AY13: 0.021048126 | AZ13: 0.01281045 | BA13: 0.0016927149 | BB13: 0.010361611 | BC13: 0.034241689 | BD13: 0.048496717 | BE13: 0.046878365 | BF13: 0.013393889 | BG13: 0.011528152 | BH13: 0.015938775 | BI13: 0.0078233166 | BJ13: 0.010376421 | BK13: 0.00089348506 | BL13: 0.0067429455 | BM13: 0.012199568 | BN13: 0.0041256663 | BO13: 0.010651113 | BP13: 0.0057418279 | BQ13: 0.0046643868 | BR13: 0.0041256663 | BS13: 0.0049337471 | BT13: 0 | BU13: 0.01444005 | BV13: 0.0057456507 | BW13: 0.005793562 | BX13: 0.017756147 | BY13: 0.0067525298 | BZ13: 0.013827697 | CA13: 0.011207974 | CB13: 0.0057151665 | CC13: 0.0073222892 | CD13: 0.0047724056 | CE13: 0.0018454441 | CF13: 0.010179158 | CG13: 0.00144548 | CH13: 0 | CI13: 0 | CJ13: 0 | CK13: 0 | CL13: 0 | CM13: 0 | CN13: 0 | CO13: 0 | CP13: 0 | CQ13: 0 | CR13: 0 | CS13: 0 | CT13: 0 | CU13: 0 | CV13: 0 | CW13: 0 | CX13: 0 | CY13: 0 | CZ13: 0 | DA13: 0 | DB13: 0 | DC13: 0 | DD13: 0 | DE13: 0 | DF13: 0 | DG13: 0 | DH13: 0 | DI13: 0 | DJ13: 0 | DK13: 0 | DL13: 0 | DM13: 0 | DN13: 0 | DO13: 0 | DP13: 0 | DQ13: =SUM(F13:DP13) -> 1
... A109: B30 | B109: 비금융 | C109: 5천억 이상.상장 | D109: ① 작성 | E109: ③ 내부회계검토 | F109: 0.15528719 | G109: 0.07622975 | H109: 0.023151694 | I109: 0 | J109: 0 | K109: 0.0093078056 | L109: 0.014786451 | M109: 0.0076583211 | N109: 0.00094256259 | O109: 0.0058910162 | P109: 0.0037702504 | Q109: 0.016023564 | R109: 0.0023564065 | S109: 0.015316642 | T109: 0.03628866 | U109: 0 | V109: 0.026156112 | W109: 0.020559647 | X109: 0.0028276878 | Y109: 0.0016494845 | Z109: 0.023328424 | AA109: 0 | AB109: 0 | AC109: 0 | AD109: 0 | AE109: 0.0061266568 | AF109: 0.0063622975 | AG109: 0.0056553756 | AH109: 0.004712813 | AI109: 0.0011782032 | AJ109: 0.034403535 | AK109: 0.012017673 | AL109: 0.0061266568 | AM109: 0 | AN109: 0.017201767 | AO109: 0.004359352 | AP109: 0 | AQ109: 0.0056553756 | AR109: 0.0075405007 | AS109: 0.0089543446 | AT109: 0.0023564065 | AU109: 0 | AV109: 0.0018851252 | AW109: 0.00094256259 | AX109: 0.0042415317 | AY109: 0.0065979381 | AZ109: 0.0014138439 | BA109: 0 | BB109: 0.00023564065 | BC109: 0.040648012 | BD109: 0.020854197 | BE109: 0.043357879 | BF109: 0.0018851252 | BG109: 0.20359352 | BH109: 0.054904271 | BI109: 0.010721649 | BJ109: 0.0089543446 | BK109: 0 | BL109: 0.0018851252 | BM109: 0.0018851252 | BN109: 0 | BO109: 0.0028276878 | BP109: 0.0004712813 | BQ109: 0.0004712813 | BR109: 0.0014138439 | BS109: 0.0014138439 | BT109: 0 | BU109: 0.0096612666 | BV109: 0 | BW109: 0.00094256259 | BX109: 0.00094256259 | BY109: 0.00094256259 | BZ109: 0.0037702504 | CA109: 0.0004712813 | CB109: 0.0004712813 | CC109: 0.0014138439 | CD109: 0.0014138439 | CE109: 0 | CF109: 0.0051840943 | CG109: 0 | CH109: 0 | CI109: 0 | CJ109: 0 | CK109: 0 | CL109: 0 | CM109: 0 | CN109: 0 | CO109: 0 | CP109: 0 | CQ109: 0 | CR109: 0 | CS109: 0 | CT109: 0 | CU109: 0 | CV109: 0 | CW109: 0 | CX109: 0 | CY109: 0 | CZ109: 0 | DA109: 0 | DB109: 0 | DC109: 0 | DD109: 0 | DE109: 0 | DF109: 0 | DG109: 0 | DH109: 0 | DI109: 0 | DJ109: 0 | DK109: 0 | DL109: 0 | DM109: 0 | DN109: 0 | DO109: 0 | DP109: 0 | DQ109: =SUM(F109:DP109) -> 1
A110: C1 | B110: 금융 | F110: 0.25277751 | G110: 0.034724081 | H110: 0.017285647 | I110: 0.0014756489 | J110: 0.006578477 | K110: 0.011078026 | L110: 0.024009902 | M110: 0.017690763 | N110: 0.020979853 | O110: 0.012051336 | P110: 0.0022828959 | Q110: 0.0012110135 | R110: 0 | S110: 0 | T110: 0 | U110: 0 | V110: 0.0065619842 | W110: 0.0064096192 | X110: 0.0032659245 | Y110: 0.0032514502 | Z110: 0.0047149006 | AA110: 0.00066085883 | AB110: 0.00054609045 | AC110: 0.0027111545 | AD110: 0.0035953041 | AE110: 0.00045060281 | AF110: 0.000148452 | AG110: 0.011254237 | AH110: 0.006356925 | AI110: 0.0072034444 | AJ110: 0.014331709 | AK110: 0.0053377629 | AL110: 0.0030954817 | AM110: 0.00034257638 | AN110: 0.0072107165 | AO110: 0.0077880441 | AP110: 0.0038698529 | AQ110: 0.0067802442 | AR110: 0.0026764438 | AS110: 0.0031503331 | AT110: 0.0012995503 | AU110: 0.0061875282 | AV110: 0.00020293865 | AW110: 0.00017898021 | AX110: 0.010020106 | AY110: 0.0090908561 | AZ110: 0.0041041573 | BA110: 0.0042392836 | BB110: 0.0012263806 | BC110: 0.01654974 | BD110: 0.038425817 | BE110: 0.017176417 | BF110: 0.0086756863 | BG110: 0.0090139807 | BH110: 0.0082852927 | BI110: 0.0028148896 | BJ110: 0.0039029157 | BK110: 0.0029508964 | BL110: 0.0038083365 | BM110: 0.0063129943 | BN110: 0.0033576065 | BO110: 0.001832324 | BP110: 0 | BQ110: 0.00023924338 | BR110: 0.0021387613 | BS110: 0.0021038485 | BT110: 0.0036971095 | BU110: 0.017124036 | BV110: 0.0037188417 | BW110: 0.0034974008 | BX110: 0.0080720138 | BY110: 0.0047334029 | BZ110: 0.0018616637 | CA110: 0 | CB110: 0.00020946635 | CC110: 0.0030751839 | CD110: 0.0026787242 | CE110: 0.0035130087 | CF110: 0.030164073 | CG110: 0.0047145885 | CH110: 0.011066057 | CI110: 0.0059178464 | CJ110: 0.017067516 | CK110: 0.0077144646 | CL110: 0.0044826259 | CM110: 0.0074172111 | CN110: 0.0060162581 | CO110: 0.0056827397 | CP110: 0.06223334 | CQ110: 0.030114274 | CR110: 0.016101101 | CS110: 0.0035669762 | CT110: 0.0019135235 | CU110: 0.0039830346 | CV110: 0.0046681477 | CW110: 0.001882335 | CX110: 0.0022394831 | CY110: 0.0013591093 | CZ110: 0.0012316343 | DA110: 0.0052924969 | DB110: 0.0030470332 | DC110: 0.0052705518 | DD110: 0.0049097118 | DE110: 0.0024072388 | DF110: 0.0042821737 | DG110: 0.0022227508 | DH110: 0.0019447455 | DI110: 0.0005518235 | DJ110: 0.0016278301 | DK110: 0.005908431 | DL110: 0.0028202286 | DM110: 0 | DN110: 0 | DO110: 0 | DP110: 0 | DQ110: =SUM(F110:DP110) -> 1
A111: C2 | B111: 비금융 | F111: 0.1226388 | G111: 0.053405357 | H111: 0.022274542 | I111: 0.0043106812 | J111: 0.0073570318 | K111: 0.013624565 | L111: 0.024644451 | M111: 0.0060371235 | N111: 0.007981138 | O111: 0.0088320469 | P111: 0.014714847 | Q111: 0.012485595 | R111: 0.0045228391 | S111: 0.023434897 | T111: 0.021570291 | U111: 0.0033694765 | V111: 0.010764841 | W111: 0.019719259 | X111: 0.0086850417 | Y111: 0.0082589152 | Z111: 0.010837807 | AA111: 0.001232929 | AB111: 0.0025520107 | AC111: 0.0082015556 | AD111: 0.0068097193 | AE111: 0.010559792 | AF111: 0.0064733974 | AG111: 0.017128413 | AH111: 0.011383654 | AI111: 0.01212918 | AJ111: 0.031356698 | AK111: 0.0069656123 | AL111: 0.0063020566 | AM111: 0.003901453 | AN111: 0.019082533 | AO111: 0.017623204 | AP111: 0.0055274831 | AQ111: 0.0079814335 | AR111: 0.028671519 | AS111: 0.031192315 | AT111: 0.010982566 | AU111: 0.0026738307 | AV111: 0.01285233 | AW111: 0.013665761 | AX111: 0.012742111 | AY111: 0.02165113 | AZ111: 0.0091381499 | BA111: 0.0037636025 | BB111: 0.0026166408 | BC111: 0.0253689 | BD111: 0.045582311 | BE111: 0.017000201 | BF111: 0.014198801 | BG111: 0.014264444 | BH111: 0.015300465 | BI111: 0.004279303 | BJ111: 0.0049111788 | BK111: 0.0025209441 | BL111: 0.0043406181 | BM111: 0.0070193279 | BN111: 0.0054653986 | BO111: 0.0085820694 | BP111: 0.0050421213 | BQ111: 0.0039043539 | BR111: 0.0040022916 | BS111: 0.0045965606 | BT111: 0.0020357674 | BU111: 0.010995057 | BV111: 0.0033697503 | BW111: 0.0028926565 | BX111: 0.0075560247 | BY111: 0.0058024483 | BZ111: 0.0088646058 | CA111: 0.0052052076 | CB111: 0.0043066343 | CC111: 0.004556975 | CD111: 0.0052166405 | CE111: 0.0020376227 | CF111: 0.013685468 | CG111: 0.0018556448 | CH111: 0.00024589055 | CI111: 6.1472639e-05 | CJ111: 6.1472639e-05 | CK111: 0 | CL111: 0 | CM111: 0 | CN111: 0 | CO111: 0.00018211112 | CP111: 0 | CQ111: 0 | CR111: 5.8643705e-05 | CS111: 0 | CT111: 0 | CU111: 0 | CV111: 0 | CW111: 0 | CX111: 0 | CY111: 0 | CZ111: 0 | DA111: 0 | DB111: 0 | DC111: 0 | DD111: 0 | DE111: 0 | DF111: 0 | DG111: 0 | DH111: 0 | DI111: 0 | DJ111: 0 | DK111: 0 | DL111: 0 | DM111: 0 | DN111: 0 | DO111: 0 | DP111: 0 | DQ111: =SUM(F111:DP111) -> 1

Sheet DB_tMap
A1: index | B1: 표준산업분류 | C1: 자산규모 | D1: 상장 | E1: 연결재무제표작성 | F1: 내부회계관리제도 | G1: map
A2: 1 | B2: ① 제조업 | C2: ① 별도 2조&연결 5조(자산매출평균) 이상 | D2: ① 유가증권상장 | E2: ① 작성 | F2: ① 내부회계감사(연결) | G2: A3
A3: 2 | B3: ① 제조업 | C3: ① 별도 2조&연결 5조(자산매출평균) 이상 | D3: ① 유가증권상장 | E3: ① 작성 | F3: ② 내부회계감사(별도) | G3: A6
A4: 3 | B4: ① 제조업 | C4: ① 별도 2조&연결 5조(자산매출평균) 이상 | D4: ① 유가증권상장 | E4: ① 작성 | F4: ③ 내부회계검토 | G4: B30
A5: 4 | B5: ① 제조업 | C5: ① 별도 2조&연결 5조(자산매출평균) 이상 | D5: ① 유가증권상장 | E5: ① 작성 | F5: ④ 의무없음 | G5: C2
A6: 5 | B6: ① 제조업 | C6: ① 별도 2조&연결 5조(자산매출평균) 이상 | D6: ① 유가증권상장 | E6: ② 미작성 | F6: ① 내부회계감사(연결) | G6: C2
A7: 6 | B7: ① 제조업 | C7: ① 별도 2조&연결 5조(자산매출평균) 이상 | D7: ① 유가증권상장 | E7: ② 미작성 | F7: ② 내부회계감사(별도) | G7: A16
A8: 7 | B8: ① 제조업 | C8: ① 별도 2조&연결 5조(자산매출평균) 이상 | D8: ① 유가증권상장 | E8: ② 미작성 | F8: ③ 내부회계검토 | G8: B17
A9: 8 | B9: ① 제조업 | C9: ① 별도 2조&연결 5조(자산매출평균) 이상 | D9: ① 유가증권상장 | E9: ② 미작성 | F9: ④ 의무없음 | G9: C2
A10: 9 | B10: ① 제조업 | C10: ① 별도 2조&연결 5조(자산매출평균) 이상 | D10: ② 코스닥상장 | E10: ① 작성 | F10: ① 내부회계감사(연결) | G10: A3
A11: 10 | B11: ① 제조업 | C11: ① 별도 2조&연결 5조(자산매출평균) 이상 | D11: ② 코스닥상장 | E11: ① 작성 | F11: ② 내부회계감사(별도) | G11: A6
A12: 11 | B12: ① 제조업 | C12: ① 별도 2조&연결 5조(자산매출평균) 이상 | D12: ② 코스닥상장 | E12: ① 작성 | F12: ③ 내부회계검토 | G12: B30
A13: 12 | B13: ① 제조업 | C13: ① 별도 2조&연결 5조(자산매출평균) 이상 | D13: ② 코스닥상장 | E13: ① 작성 | F13: ④ 의무없음 | G13: C2
... A2353: 2352 | B2353: ⑦ 금융업-보험 | C2353: ⑦ 별도 200억 미만 | D2353: ⑥ 비상장 | E2353: ② 미작성 | F2353: ④ 의무없음 | G2353: A78
